nodeId,time,distance,relativeSpeed,speed,acceleration,controllerAcceleration
flow2.0,99.09999999999864,-1,0,0.2387843517179135,2.387843517179135,2.387843517179135
flow2.1,99.09999999999864,2.02491,0.238784,0.0,0.0,0.0
flow2.2,99.09999999999864,2.00103,0,0.0,0.0,0.0
flow2.3,99.09999999999864,2.00103,0,0.0,0.0,0.0
flow2.4,99.09999999999864,2.00105,-1.75558e-05,1.7555825830450025e-05,-2.1384190029903092e-06,-2.1384190029903092e-06
flow2.5,99.09999999999864,2.0014,-0.000113764,0.00013132013188930025,-4.2530103860228944e-05,-4.2530103860228944e-05
flow2.6,99.09999999999864,2.0031,-0.000574504,0.000705824254043174,-3.415569949539272e-05,-3.415569949539272e-05
flow2.7,99.09999999999864,2.01006,-0.00232411,0.0030299382756766836,-0.00014304622985653655,-0.00014304622985653655
flow2.8,99.09999999999864,2.03474,-0.00843825,0.01146818767890484,-0.002998077284838852,-0.002998077284838852
flow2.9,99.09999999999864,2.11115,-0.0257251,0.0371932983022088,0.0011019942562885687,0.0011019942562885687
flow2.0,99.19999999999864,-1,0,0.4762572861053059,2.3747293438739234,2.3747293438739234
flow2.1,99.19999999999864,2.06859,0.436793,0.03946473427763772,0.3946473427763772,0.3946473427763772
flow2.2,99.19999999999864,2.00391,0.0287893,0.010675442678663162,0.10675442678663162,0.10675442678663162
flow2.3,99.19999999999864,2.00103,6.65629e-09,0.010675436022377447,0.10675436022377446,0.10675436022377446
flow2.4,99.19999999999864,2.00105,-1.65763e-05,0.010692012285708022,0.10674456459877572,0.10674456459877572
flow2.5,99.19999999999864,2.00138,-0.000109159,0.010801171317398089,0.10669851185508787,0.10669851185508787
flow2.6,99.19999999999864,2.00304,-0.000569018,0.01137018927416807,0.10664365020124894,0.10664365020124894
flow2.7,99.19999999999864,2.00983,-0.00229658,0.013666772173203057,0.10636833897526372,0.10636833897526372
flow2.8,99.19999999999864,2.03393,-0.00813092,0.02179769418248789,0.10329506503583048,0.10329506503583048
flow2.9,99.19999999999864,2.10856,-0.0259016,0.04769930382024593,0.10506005518037133,0.10506005518037133
flow2.0,99.29999999999863,-1,0,0.7213083978937128,2.4505111178840693,2.4505111178840693
flow2.1,99.29999999999863,2.12932,0.60729,0.11401867950900249,0.7455394523136477,0.7455394523136477
flow2.2,99.29999999999863,2.01116,0.0724667,0.041551970529636245,0.30876527850973084,0.30876527850973084
flow2.3,99.29999999999863,2.00138,0.00347104,0.038080934391627234,0.27405498369249787,0.27405498369249787
flow2.4,99.29999999999863,2.00105,-1.49963e-05,0.038095930657925305,0.27403918372217284,0.27403918372217284
flow2.5,99.29999999999863,2.00137,-0.000104144,0.03820007419997323,0.27398902882575144,0.27398902882575144
flow2.6,99.29999999999863,2.00299,-0.000557652,0.03875772656521138,0.27387537291043307,0.27387537291043307
flow2.7,99.29999999999863,2.0096,-0.00225342,0.04101114220701216,0.273443700338091,0.273443700338091
flow2.8,99.29999999999863,2.03315,-0.0078138,0.04882494328814575,0.27027249105657863,0.27027249105657863
flow2.9,99.29999999999863,2.10598,-0.0258294,0.07465432938643375,0.2695502556618782,0.2695502556618782
flow2.0,99.39999999999863,-1,0,0.9363030089030291,2.1499461100931625,2.1499461100931625
flow2.1,99.39999999999863,2.20117,0.718489,0.21781363386847313,1.0379495435947064,1.0379495435947064
flow2.2,99.39999999999863,2.02282,0.11666,0.10115348490679175,0.5960151437715551,0.5960151437715551
flow2.3,99.39999999999863,2.00263,0.0125123,0.0886411827395558,0.5056024834792857,0.5056024834792857
flow2.4,99.39999999999863,2.00109,0.000405493,0.08823568993882315,0.5013975928089784,0.5013975928089784
flow2.5,99.39999999999863,2.00136,-9.88568e-05,0.08833454669302851,0.5013447249305527,0.5013447249305527
flow2.6,99.39999999999863,2.00293,-0.000541178,0.08887572463845964,0.5011799807324826,0.5011799807324826
flow2.7,99.39999999999863,2.00938,-0.00219637,0.09107209733401012,0.5006095512699795,0.5006095512699795
flow2.8,99.39999999999863,2.0324,-0.00749756,0.09856966216625516,0.4974471887810941,0.4974471887810941
flow2.9,99.39999999999863,2.10343,-0.0255126,0.1240822418019972,0.49427912415563446,0.49427912415563446
flow2.0,99.49999999999862,-1,0,1.1448349875590609,2.085319786560318,2.085319786560318
flow2.1,99.49999999999862,2.28105,0.798859,0.3459760958346987,1.2816246196622554,1.2816246196622554
flow2.2,99.49999999999862,2.0383,0.154752,0.19122361276057193,0.9007012785378017,0.9007012785378017
flow2.3,99.49999999999862,2.00537,0.0273811,0.1638425292100615,0.752013464705057,0.752013464705057
flow2.4,99.49999999999862,2.00128,0.00195295,0.1618895756372907,0.7365388569846755,0.7365388569846755
flow2.5,99.49999999999862,2.00136,-4.30001e-05,0.1619325757864561,0.7359802909342757,0.7359802909342757
flow2.6,99.49999999999862,2.00288,-0.00052059,0.16245316599013876,0.7357744135167912,0.7357744135167912
flow2.7,99.49999999999862,2.00917,-0.0021278,0.16458096858403512,0.73508871250025,0.73508871250025
flow2.8,99.49999999999862,2.03168,-0.00719113,0.17177209588727704,0.7320243372102188,0.7320243372102188
flow2.9,99.49999999999862,2.10093,-0.0249719,0.19674397431795038,0.7266173251595317,0.7266173251595317
flow2.0,99.59999999999862,-1,0,1.363262622574503,2.1842763501544216,2.1842763501544216
flow2.1,99.59999999999862,2.36793,0.868818,0.49444481413988667,1.4846871830518797,1.4846871830518797
flow2.2,99.59999999999862,2.05695,0.186496,0.30794871930538875,1.1672510654481683,1.1672510654481683
flow2.3,99.59999999999862,2.00953,0.0416492,0.2662995679111103,1.0245703870104879,1.0245703870104879
flow2.4,99.59999999999862,2.00182,0.00539324,0.26090632772920064,0.9901675209190993,0.9901675209190993
flow2.5,99.59999999999862,2.00138,0.000203556,0.26070277151499954,0.9877019572854345,0.9877019572854345
flow2.6,99.59999999999862,2.00283,-0.00049095,0.26119372147830155,0.987405554881628,0.987405554881628
flow2.7,99.59999999999862,2.00897,-0.00205042,0.26324414498947574,0.9866317640544061,0.9866317640544061
flow2.8,99.59999999999862,2.03099,-0.00690145,0.2701455995933307,0.9837350370605363,0.9837350370605363
flow2.9,99.59999999999862,2.09851,-0.0242409,0.2943865220851055,0.9764254776715514,0.9764254776715514
flow2.0,99.69999999999861,-1,0,1.560199703100735,1.9693708052623204,1.9693708052623204
flow2.1,99.69999999999861,2.45797,0.900364,0.6598354127275433,1.6539059858765663,1.6539059858765663
flow2.2,99.69999999999861,2.07824,0.212949,0.4468863080927361,1.3893758878734734,1.3893758878734734
flow2.3,99.69999999999861,2.01488,0.0535392,0.3933471001619843,1.27047532250874,1.27047532250874
flow2.4,99.69999999999861,2.00265,0.00826015,0.38508695447245894,1.241806267432583,1.241806267432583
flow2.5,99.69999999999861,2.00142,0.00040902,0.3846779346221191,1.2397516310711953,1.2397516310711953
flow2.6,99.69999999999861,2.00279,-0.00046625,0.3851441843851039,1.2395046290680234,1.2395046290680234
flow2.7,99.69999999999861,2.00877,-0.00198594,0.3871301253273429,1.2388598033786717,1.2388598033786717
flow2.8,99.69999999999861,2.03032,-0.00666006,0.39379018601504207,1.2364458642171139,1.2364458642171139
flow2.9,99.69999999999861,2.09614,-0.0236318,0.41742197855773483,1.230354564726293,1.230354564726293
flow2.0,99.7999999999986,-1,0,1.736185518130082,1.7598581502934696,1.7598581502934696
flow2.1,99.7999999999986,2.54766,0.896858,0.8393275782172571,1.794921654897138,1.794921654897138
flow2.2,99.7999999999986,2.10174,0.234993,0.6043342987488589,1.574479906561228,1.574479906561228
flow2.3,99.7999999999986,2.02123,0.0634476,0.540886710371046,1.4753961020906163,1.4753961020906163
flow2.4,99.7999999999986,2.00371,0.0106492,0.5302374767585075,1.4515052228604857,1.4515052228604857
flow2.5,99.7999999999986,2.00148,0.00058024,0.5296572372113854,1.4497930258926628,1.4497930258926628
flow2.6,99.7999999999986,2.00274,-0.000445666,0.5301029034741058,1.4495871908900193,1.4495871908900193
flow2.7,99.7999999999986,2.00857,-0.00193221,0.5320351089422323,1.4490498361488935,1.4490498361488935
flow2.8,99.7999999999986,2.02968,-0.0064589,0.5384940080331349,1.4470382201809278,1.4470382201809278
flow2.9,99.7999999999986,2.09383,-0.0231242,0.5616181922849259,1.441962137271911,1.441962137271911
flow2.0,99.8999999999986,-1,0,1.8946268288900119,1.5844131075992984,1.5844131075992984
flow2.1,99.8999999999986,2.63406,0.864056,1.0305710494586853,1.9124347124142815,1.9124347124142815
flow2.2,99.8999999999986,2.12708,0.253363,0.777207624295628,1.7287332554676904,1.7287332554676904
flow2.3,99.8999999999986,2.0284,0.0717046,0.7055030522119307,1.646163418408847,1.646163418408847
flow2.4,99.8999999999986,2.00498,0.0126401,0.6928629119968813,1.626254352383738,1.626254352383738
flow2.5,99.8999999999986,2.00155,0.000722923,0.6921399893691073,1.624827521577219,1.624827521577219
flow2.6,99.8999999999986,2.0027,-0.000428513,0.6925685027149407,1.6246559924083492,1.6246559924083492
flow2.7,99.8999999999986,2.00839,-0.00188743,0.6944559286213067,1.624208196790744,1.624208196790744
flow2.8,99.8999999999986,2.02905,-0.00629126,0.7007471930482122,1.6225318501507735,1.6225318501507735
flow2.9,99.8999999999986,2.09156,-0.0227012,0.7234483703909185,1.6183017810599254,1.6183017810599254
flow2.0,99.9999999999986,-1,0,2.0745678778928482,1.7994104900283636,1.7994104900283636
flow2.1,99.9999999999986,2.71836,0.842961,1.2316072754932088,2.0103622603452354,2.0103622603452354
flow2.2,99.9999999999986,2.15394,0.268672,0.9629353955846022,1.8572777128897422,1.8572777128897422
flow2.3,99.9999999999986,2.03626,0.0785854,0.8843500037460013,1.788469515340706,1.788469515340706
flow2.4,99.9999999999986,2.00641,0.0142992,0.8700507746955262,1.7718786269864484,1.7718786269864484
flow2.5,99.9999999999986,2.00164,0.000841825,0.8692089495005422,1.7706896013143492,1.7706896013143492
flow2.6,99.9999999999986,2.00266,-0.000414219,0.8696231687489698,1.7705466603402908,1.7705466603402908
flow2.7,99.9999999999986,2.0082,-0.00185011,0.8714732783538687,1.77017349732562,1.77017349732562
flow2.8,99.9999999999986,2.02843,-0.00615157,0.8776248472274433,1.7687765417923107,1.7687765417923107
flow2.9,99.9999999999986,2.08933,-0.0223487,0.8999735188125789,1.7652514842166045,1.7652514842166045
flow2.0,100.09999999999859,-1,0,2.2625366067336827,1.8796872884083449,1.8796872884083449
flow2.1,100.09999999999859,2.80053,0.821732,1.4408041305219783,2.091968550287695,2.091968550287695
flow2.2,100.09999999999859,2.18209,0.281429,1.1593752049920807,1.9643980940747852,1.9643980940747852
flow2.3,100.09999999999859,2.04469,0.0843194,1.07505579669106,1.9070579294505885,1.9070579294505885
flow2.4,100.09999999999859,2.00798,0.0156818,1.0593739936110635,1.8932321891553738,1.8932321891553738
flow2.5,100.09999999999859,2.00173,0.000940911,1.0584330829434045,1.8922413344286237,1.8922413344286237
flow2.6,100.09999999999859,2.00262,-0.000402308,1.058835390443994,1.8921222169502416,1.8921222169502416
flow2.7,100.09999999999859,2.00802,-0.00181901,1.0606544031310037,1.89181124777135,1.89181124777135
flow2.8,100.09999999999859,2.02783,-0.00603516,1.066689559043469,1.890647118160258,1.890647118160258
flow2.9,100.09999999999859,2.08712,-0.0220549,1.0887444758306293,1.8877095701805036,1.8877095701805036
flow2.0,100.19999999999858,-1,0,2.4634712108350314,2.0093460410134867,2.0093460410134867
flow2.1,100.19999999999858,2.8812,0.80667,1.6568015097126196,2.1599737919064133,2.1599737919064133
flow2.2,100.19999999999858,2.21129,0.29206,1.3647417128316461,2.0536650783956545,2.0536650783956545
flow2.3,100.19999999999858,2.0536,0.0890978,1.2756439574786091,2.0058816078754904,2.0058816078754904
flow2.4,100.19999999999858,2.00966,0.0168339,1.2588100093740113,1.9943601576294778,1.9943601576294778
flow2.5,100.19999999999858,2.00183,0.00102348,1.2577865274791231,1.9935344453571857,1.9935344453571857
flow2.6,100.19999999999858,2.00258,-0.000392381,1.2581789085231807,1.993435180791867,1.993435180791867
flow2.7,100.19999999999858,2.00784,-0.0017931,1.2599720071119496,1.993176039809459,1.993176039809459
flow2.8,100.19999999999858,2.02724,-0.00593815,1.2659101522234906,1.992205931800215,1.992205931800215
flow2.9,100.19999999999858,2.08494,-0.0218101,1.2877202733456712,1.989757975150419,1.989757975150419
flow2.0,100.29999999999858,-1,0,2.6157019061325073,1.522306952974759,1.522306952974759
flow2.1,100.29999999999858,2.95492,0.737236,1.8784659923714875,2.2166448265886785,2.2166448265886785
flow2.2,100.29999999999858,2.24138,0.300919,1.577547136031284,2.128054231996379,2.128054231996379
flow2.3,100.29999999999858,2.06291,0.0930797,1.4844674248015666,2.0882346732295742,2.0882346732295742
flow2.4,100.29999999999858,2.01144,0.0177941,1.4666733558431344,2.078633464691231,2.078633464691231
flow2.5,100.29999999999858,2.00194,0.00109229,1.4655810645922218,2.077945371130987,2.077945371130987
flow2.6,100.29999999999858,2.00254,-0.000384109,1.4659651735891697,2.0778626506598896,2.0778626506598896
flow2.7,100.29999999999858,2.00766,-0.0017715,1.4677366770960711,2.0776466998412157,2.0776466998412157
flow2.8,100.29999999999858,2.02665,-0.0058573,1.4735939798735085,2.076838276500179,2.076838276500179
flow2.9,100.29999999999858,2.08278,-0.0216061,1.4952001046082062,2.07479831262535,2.07479831262535
flow2.0,100.39999999999857,-1,0,2.7688520162887826,1.5315011015627533,1.5315011015627533
flow2.1,100.39999999999857,3.02132,0.663999,2.1048530612538774,2.263870688823899,2.263870688823899
flow2.2,100.39999999999857,2.27221,0.308301,1.7965516553643157,2.1900451933303167,2.1900451933303167
flow2.3,100.39999999999857,2.07255,0.096398,1.7001536475706978,2.156862227691312,2.156862227691312
flow2.4,100.39999999999857,2.0133,0.0185942,1.681559477900737,2.148861220576026,2.148861220576026
flow2.5,100.39999999999857,2.00206,0.00114963,1.680409845519804,2.1482878092758217,2.1482878092758217
flow2.6,100.39999999999857,2.0025,-0.000377216,1.6807870611441604,2.1482188755499076,2.1482188755499076
flow2.7,100.39999999999857,2.00749,-0.00175351,1.6825405687495059,2.148038916534347,2.148038916534347
flow2.8,100.39999999999857,2.02607,-0.00578993,1.68833050291519,2.1473652304168156,2.1473652304168156
flow2.9,100.39999999999857,2.08064,-0.0214361,1.7097666306603188,2.1456652605211257,2.1456652605211257
flow2.0,100.49999999999856,-1,0,2.9695887887033123,2.007367724145297,2.007367724145297
flow2.1,100.49999999999856,3.08476,0.634413,2.335175618655869,2.303225574019918,2.303225574019918
flow2.2,100.49999999999856,2.30366,0.314454,2.020722088141842,2.2417043277752624,2.2417043277752624
flow2.3,100.49999999999856,2.08246,0.0991633,1.9215588332116404,2.214051856409427,2.214051856409427
flow2.4,100.49999999999856,2.01522,0.0192609,1.9022979129487392,2.2073843504800217,2.2073843504800217
flow2.5,100.49999999999856,2.00218,0.00119742,1.901100496292789,2.206906507729851,2.206906507729851
flow2.6,100.49999999999856,2.00246,-0.000371471,1.901471967439986,2.206849062958256,2.206849062958256
flow2.7,100.49999999999856,2.00731,-0.00173851,1.9032104784607013,2.206699097111955,2.206699097111955
flow2.8,100.49999999999856,2.0255,-0.00573379,1.9089442721165912,2.206137692014012,2.206137692014012
flow2.9,100.49999999999856,2.07851,-0.0212945,1.9302387357037458,2.2047210504342707,2.2047210504342707
flow2.0,100.59999999999856,-1,0,3.136954515048764,1.6736572634545155,1.6736572634545155
flow2.1,100.59999999999856,3.14158,0.568177,2.568777749824196,2.3360213116832673,2.3360213116832673
flow2.2,100.59999999999856,2.33562,0.31958,2.2491974487897806,2.284753606479386,2.284753606479386
flow2.3,100.59999999999856,2.09261,0.101468,2.1477298212457594,2.2617098803411895,2.2617098803411895
flow2.4,100.59999999999856,2.01721,0.0198165,2.127913275488741,2.256153625400019,2.256153625400019
flow2.5,100.59999999999856,2.0023,0.00123724,2.12667603860361,2.2557554231082078,2.2557554231082078
flow2.6,100.59999999999856,2.00243,-0.000366684,2.1270427226865074,2.2557075524652137,2.2557075524652137
flow2.7,100.59999999999856,2.00714,-0.00172601,2.128768736553364,2.2555825809266272,2.2555825809266272
flow2.8,100.59999999999856,2.02493,-0.00568701,2.1344557464510925,2.2551147433450125,2.2551147433450125
flow2.9,100.59999999999856,2.07639,-0.0211764,2.1556321565732683,2.253934208695225,2.253934208695225
flow2.0,100.69999999999855,-1,0,3.3375491998563476,2.005946848075837,2.005946848075837
flow2.1,100.69999999999855,3.19482,0.532436,2.805112859131135,2.36335109306939,2.36335109306939
flow2.2,100.69999999999855,2.368,0.323853,2.4812602493297296,2.32062800539949,2.32062800539949
flow2.3,100.69999999999855,2.10295,0.103388,2.3778723112741917,2.3014249002843234,2.3014249002843234
flow2.4,100.69999999999855,2.01923,0.0202796,2.357592744272076,2.296794687833348,2.296794687833348
flow2.5,100.69999999999855,2.00243,0.00127042,2.3563223238626274,2.2964628525901754,2.2964628525901754
flow2.6,100.69999999999855,2.00239,-0.000362695,2.3566850187252752,2.2964229603876785,2.2964229603876785
flow2.7,100.69999999999855,2.00697,-0.0017156,2.35840061829725,2.2963188174388582,2.2963188174388582
flow2.8,100.69999999999855,2.02436,-0.00564802,2.3640486417298434,2.2959289527875093,2.2959289527875093
flow2.9,100.69999999999855,2.07428,-0.021078,2.385126673964537,2.294945173912688,2.294945173912688
flow2.0,100.79999999999855,-1,0,3.5456094949154604,2.0806029505911283,2.0806029505911283
flow2.1,100.79999999999855,3.24501,0.501884,3.0437254502202507,2.386125910891157,2.386125910891157
flow2.2,100.79999999999855,2.40074,0.327413,2.7163125831130204,2.3505233378329082,2.3505233378329082
flow2.3,100.79999999999855,2.11345,0.104988,2.6113243862978854,2.334520750236937,2.334520750236937
flow2.4,100.79999999999855,2.0213,0.0206654,2.590658968258188,2.330662239861123,2.330662239861123
flow2.5,100.79999999999855,2.00256,0.00129807,2.5893608949118088,2.3303857104918135,2.3303857104918135
flow2.6,100.79999999999855,2.00235,-0.000359371,2.5897202654242486,2.3303524669897335,2.3303524669897335
flow2.7,100.79999999999855,2.0068,-0.00170692,2.591427186417155,2.3302656811990508,2.3302656811990508
flow2.8,100.79999999999855,2.0238,-0.00561553,2.5970427211288025,2.329940793989591,2.329940793989591
flow2.9,100.79999999999855,2.07218,-0.0209961,2.6180387717905944,2.3291209782605726,2.3291209782605726
flow2.0,100.89999999999854,-1,0,3.734763560275077,1.8915406535961665,1.8915406535961665
flow2.1,100.89999999999854,3.29006,0.450528,3.284235942794514,2.4051049257426316,2.4051049257426316
flow2.2,100.89999999999854,2.43378,0.33038,2.953856194599096,2.375436114860756,2.375436114860756
flow2.3,100.89999999999854,2.12408,0.106322,2.84753444881763,2.3621006251974475,2.3621006251974475
flow2.4,100.89999999999854,2.0234,0.020987,2.8265474882466153,2.358885199884271,2.358885199884271
flow2.5,100.89999999999854,2.00269,0.00132112,2.8252263707861265,2.358654758743177,2.358654758743177
flow2.6,100.89999999999854,2.00232,-0.0003566,2.8255829710067264,2.358627055824778,2.358627055824778
flow2.7,100.89999999999854,2.00663,-0.00169969,2.8272826598504093,2.358554734332543,2.358554734332543
flow2.8,100.89999999999854,2.02324,-0.00558846,2.832871120627935,2.358283994991326,2.358283994991326
flow2.9,100.89999999999854,2.07009,-0.0209277,2.8537988533123086,2.3576008152171424,2.3576008152171424
flow2.0,100.99999999999854,-1,0,3.9197455875806,1.8498202730552293,1.8498202730552293
flow2.1,100.99999999999854,3.32941,0.393418,3.526328019939733,2.4209207714521908,2.4209207714521908
flow2.2,100.99999999999854,2.46707,0.332852,3.193475870837492,2.396196762383962,2.396196762383962
flow2.3,100.99999999999854,2.13482,0.107433,3.0860428342507507,2.3850838543312047,2.3850838543312047
flow2.4,100.99999999999854,2.02553,0.0212549,3.0647879215703044,2.3824043332368916,2.3824043332368916
flow2.5,100.99999999999854,2.00282,0.00134032,3.0634476006813913,2.3822122989526484,2.3822122989526484
flow2.6,100.99999999999854,2.00228,-0.000354292,3.0638018923254577,2.3821892131873135,2.3821892131873135
flow2.7,100.99999999999854,2.00646,-0.00169366,3.065495554378121,2.3821289452771177,2.3821289452771177
flow2.8,100.99999999999854,2.02269,-0.0055659,3.071061453543879,2.3819033291594405,2.3819033291594405
flow2.9,100.99999999999854,2.068,-0.0208708,3.0919322545804038,2.3813340126809512,2.3813340126809512
flow2.0,101.09999999999853,-1,0,4.110338486509626,1.9059289892902598,1.9059289892902598
flow2.1,101.09999999999853,3.36347,0.3406,3.7697380842274155,2.4341006428768264,2.4341006428768264
flow2.2,101.09999999999853,2.50056,0.334912,3.4348256010361555,2.4134973019866335,2.4134973019866335
flow2.3,101.09999999999853,2.14566,0.108359,3.326466488778351,2.404236545276004,2.404236545276004
flow2.4,101.09999999999853,2.02767,0.0214782,3.3049882826733787,2.402003611030743,2.402003611030743
flow2.5,101.09999999999853,2.00296,0.00135632,3.303631958927445,2.401843582460539,2.401843582460539
flow2.6,101.09999999999853,2.00225,-0.000352368,3.303984326757734,2.4018243443227627,2.4018243443227627
flow2.7,101.09999999999853,2.00629,-0.00168864,3.3056729664845474,2.401774121064264,2.401774121064264
flow2.8,101.09999999999853,2.02213,-0.0055471,3.311220064307166,2.401586107632867,2.401586107632867
flow2.9,101.09999999999853,2.06592,-0.0208234,3.3320434223038164,2.4011116772341268,2.4011116772341268
flow2.0,101.19999999999852,-1,0,4.245503964758008,1.3516547824838199,1.3516547824838199
flow2.1,101.19999999999852,3.38659,0.231257,4.014246471133817,2.4450838690640175,2.4450838690640175
flow2.2,101.19999999999852,2.53422,0.336629,3.6776170428683748,2.4279144183221923,2.4279144183221923
flow2.3,101.19999999999852,2.15657,0.109131,3.5684862008846845,2.4201971210633344,2.4201971210633344
flow2.4,101.19999999999852,2.02984,0.0216643,3.5468219169259405,2.4183363425256177,2.4183363425256177
flow2.5,101.19999999999852,2.0031,0.00136966,3.5454522574658234,2.4182029853837816,2.4182029853837816
flow2.6,101.19999999999852,2.00221,-0.000350765,3.545803022117964,2.4181869536023015,2.4181869536023015
flow2.7,101.19999999999852,2.00612,-0.00168445,3.5474874765732363,2.418145100886888,2.418145100886888
flow2.8,101.19999999999852,2.02158,-0.00553143,3.5530189066099047,2.4179884230273885,2.4179884230273885
flow2.9,101.19999999999852,2.06384,-0.0207838,3.573802728739994,2.417593064361774,2.417593064361774
flow2.0,101.29999999999852,-1,0,4.373270166059719,1.2776620130171068,1.2776620130171068
flow2.1,101.29999999999852,3.39795,0.1136,4.259670126889152,2.454236557553351,2.454236557553351
flow2.2,101.29999999999852,2.56803,0.33806,3.921609911061891,2.4399286819351618,2.4399286819351618
flow2.3,101.29999999999852,2.16755,0.109774,3.8118359609732955,2.43349760088611,2.43349760088611
flow2.4,101.29999999999852,2.03241,0.0257234,3.786112519645816,2.3929060271987534,2.3929060271987534
flow2.5,101.29999999999852,2.00335,0.00252141,3.783591108346008,2.381388508801847,2.381388508801847
flow2.6,101.29999999999852,2.00219,-0.000261453,3.7838525609871563,2.380495388691921,2.380495388691921
flow2.7,101.29999999999852,2.00596,-0.00164617,3.7854987325632714,2.3801125599003514,2.3801125599003514
flow2.8,101.29999999999852,2.02103,-0.005467,3.7909657342949834,2.379468276850787,2.379468276850787
flow2.9,101.29999999999852,2.06181,-0.020265,3.8112307353683885,2.374280066283947,2.374280066283947
flow2.0,101.39999999999851,-1,0,4.5532490122246045,1.799788461648859,1.799788461648859
flow2.1,101.39999999999851,3.40331,0.053559,4.499690028244531,2.40019901355379,2.40019901355379
flow2.2,101.39999999999851,2.60134,0.333086,4.166603967889821,2.4499405682793007,2.4499405682793007
flow2.3,101.39999999999851,2.1789,0.113506,4.053098268280327,2.412623073070317,2.412623073070317
flow2.4,101.39999999999851,2.03577,0.0336012,4.019497091373183,2.3338457172736726,2.3338457172736726
flow2.5,101.39999999999851,2.00385,0.00505088,4.014446212587352,2.308551042413436,2.308551042413436
flow2.6,101.39999999999851,2.00219,3.53685e-05,4.014410844037873,2.305582830507169,2.305582830507169
flow2.7,101.39999999999851,2.0058,-0.00156918,4.015980028093645,2.304812955303732,2.304812955303732
flow2.8,101.39999999999851,2.0205,-0.00535553,4.021335555608234,2.3036982131325034,2.3036982131325034
flow2.9,101.39999999999851,2.05988,-0.0193506,4.040686122063465,2.294553866950766,2.294553866950766
flow2.0,101.49999999999851,-1,0,4.680869430751535,1.2762041852693073,1.2762041852693073
flow2.1,101.49999999999851,3.3974,-0.0591261,4.739995572482888,2.403055442383568,2.403055442383568
flow2.2,101.49999999999851,2.63409,0.327563,4.412432348579762,2.458283806899413,2.458283806899413
flow2.3,101.49999999999851,2.1906,0.116961,4.295471382089922,2.4237311380959525,2.4237311380959525
flow2.4,101.49999999999851,2.04024,0.0446591,4.250812250507416,2.313151591342333,2.313151591342333
flow2.5,101.49999999999851,2.00477,0.00920547,4.2416067821979455,2.2716056961059383,2.2716056961059383
flow2.6,101.49999999999851,2.00226,0.000698501,4.24090828110832,2.2649743707044667,2.2649743707044667
flow2.7,101.49999999999851,2.00566,-0.0014344,4.242342678816792,2.263626507231473,2.263626507231473
flow2.8,101.49999999999851,2.01998,-0.00519996,4.247542636263367,2.2620708065513284,2.2620708065513284
flow2.9,101.49999999999851,2.05807,-0.0181363,4.265678898422069,2.249927763586035,2.249927763586035
flow2.0,101.5999999999985,-1,0,4.863441156118405,1.8257172536686994,1.8257172536686994
flow2.1,101.5999999999985,3.38732,-0.100761,4.964201739271617,2.2420616678872918,2.2420616678872918
flow2.2,101.5999999999985,2.66462,0.305246,4.658955999154713,2.4652365057495107,2.4652365057495107
flow2.3,101.5999999999985,2.20337,0.127731,4.531225430958807,2.3575404886888496,2.3575404886888496
flow2.4,101.5999999999985,2.04602,0.0578506,4.4733748801729885,2.2256262966557205,2.2256262966557205
flow2.5,101.5999999999985,2.00629,0.0151549,4.458219991187418,2.1661320898947256,2.1661320898947256
flow2.6,101.5999999999985,2.00245,0.0019198,4.456300195414116,2.1539191430579585,2.1539191430579585
flow2.7,101.5999999999985,2.00554,-0.00120282,4.457503014957424,2.151603361406318,2.151603361406318
flow2.8,101.5999999999985,2.01948,-0.00500201,4.462505021924488,2.149623856611216,2.149623856611216
flow2.9,101.5999999999985,2.05639,-0.016722,4.479227040901022,2.1354814247895337,2.1354814247895337
flow2.0,101.6999999999985,-1,0,5.068054361425801,2.0461320530739613,2.0461320530739613
flow2.1,101.6999999999985,3.376,-0.113152,5.181206746094486,2.1700500682286883,2.1700500682286883
flow2.2,101.6999999999985,2.69213,0.275148,4.906059041300506,2.471030421457927,2.471030421457927
flow2.3,101.6999999999985,2.21747,0.141016,4.7650430236524,2.3381759269359303,2.3381759269359303
flow2.4,101.6999999999985,2.05333,0.0730495,4.691993496034494,2.186186158615051,2.186186158615051
flow2.5,101.6999999999985,2.00858,0.0229218,4.669071737943345,2.108517467559272,2.108517467559272
flow2.6,101.6999999999985,2.00284,0.00390815,4.665163587709524,2.0886339229540862,2.0886339229540862
flow2.7,101.6999999999985,2.00546,-0.000811008,4.665974595941474,2.084715809840505,2.084715809840505
flow2.8,101.6999999999985,2.019,-0.00475926,4.670733853236425,2.082288313119367,2.082288313119367
flow2.9,101.6999999999985,2.05487,-0.0152057,4.685939505231999,2.067124643309768,2.067124643309768
flow2.0,101.79999999999849,-1,0,5.229896379064066,1.6184201763826422,1.6184201763826422
flow2.1,101.79999999999849,3.35951,-0.164973,5.394869365183165,2.1366261908867923,2.1366261908867923
flow2.2,101.79999999999849,2.71625,0.241224,5.153644909755333,2.475858684548271,2.475858684548271
flow2.3,101.79999999999849,2.23294,0.154714,4.998930966392978,2.3388794274057734,2.3388794274057734
flow2.4,101.79999999999849,2.0623,0.0897037,4.909227226184697,2.1723373015020364,2.1723373015020364
flow2.5,101.79999999999849,2.01183,0.0324765,4.876750719052625,2.0767898110927963,2.0767898110927963
flow2.6,101.79999999999849,2.00353,0.00686262,4.869888099118312,2.047245114087879,2.047245114087879
flow2.7,101.79999999999849,2.00544,-0.000169148,4.870057247082949,2.040826511414746,2.040826511414746
flow2.8,101.79999999999849,2.01855,-0.00446166,4.874518904106776,2.0378505087035137,2.0378505087035137
flow2.9,101.79999999999849,2.05351,-0.0136752,4.888194124869144,2.022546196371451,2.022546196371451
flow2.0,101.89999999999849,-1,0,5.468363246513526,2.3846686744946055,2.3846686744946055
flow2.1,101.89999999999849,3.34685,-0.126526,5.594889031577243,2.0001966639407787,2.0001966639407787
flow2.2,101.89999999999849,2.736,0.197409,5.397480498346171,2.438355885908381,2.438355885908381
flow2.3,101.89999999999849,2.24991,0.169623,5.2278579552645,2.2892698887152196,2.2892698887152196
flow2.4,101.89999999999849,2.07301,0.10709,5.120767917964339,2.1154069177964185,2.1154069177964185
flow2.5,101.89999999999849,2.0162,0.043693,5.077074938442372,2.0032421938974743,2.0032421938974743
flow2.6,101.89999999999849,2.00463,0.0109569,5.066118014323296,1.9622991520498356,1.9622991520498356
flow2.7,101.89999999999849,2.00552,0.000835352,5.065282661877666,1.9522541479471744,1.9522541479471744
flow2.8,101.89999999999849,2.01815,-0.00408735,5.069370016571812,1.948511124650354,1.948511124650354
flow2.9,101.89999999999849,2.05228,-0.0122045,5.08157450549377,1.9338038062462637,1.9338038062462637
flow2.0,101.99999999999848,-1,0,5.666203492594413,1.9784024608088657,1.9784024608088657
flow2.1,101.99999999999848,3.33361,-0.132459,5.798662216657775,2.0377318508053133,2.0377318508053133
flow2.2,101.99999999999848,2.75166,0.156619,5.64204282897504,2.4456233062886845,2.4456233062886845
flow2.3,101.99999999999848,2.26813,0.18221,5.459833317280971,2.319753620164713,2.319753620164713
flow2.4,101.99999999999848,2.08547,0.124663,5.335170568747005,2.1440265078266574,2.1440265078266574
flow2.5,101.99999999999848,2.02183,0.0563316,5.2788389534702285,2.0176401502785613,2.0176401502785613
flow2.6,101.99999999999848,2.00626,0.0163203,5.2625187033666485,1.9640068904335273,1.9640068904335273
flow2.7,101.99999999999848,2.00576,0.00233242,5.260186281864544,1.9490361998687789,1.9490361998687789
flow2.8,101.99999999999848,2.01779,-0.00359971,5.263785992917919,1.944159763461073,1.944159763461073
flow2.9,101.99999999999848,2.0512,-0.0108485,5.274634526882436,1.9306002138866596,1.9306002138866596
flow2.0,102.09999999999847,-1,0,5.835551400534804,1.6934790794039145,1.6934790794039145
flow2.1,102.09999999999847,3.31735,-0.162624,5.99817585709821,1.995136404404354,1.995136404404354
flow2.2,102.09999999999847,2.76333,0.116681,5.881495062729073,2.39452233754033,2.39452233754033
flow2.3,102.09999999999847,2.2872,0.190782,5.690713553522211,2.308802362412399,2.308802362412399
flow2.4,102.09999999999847,2.09963,0.141569,5.549144072443716,2.139735036967112,2.139735036967112
flow2.5,102.09999999999847,2.02884,0.0700671,5.4790769768753345,2.00238023405106,2.00238023405106
flow2.6,102.09999999999847,2.00856,0.0230179,5.45605905042531,1.935403470586614,1.935403470586614
flow2.7,102.09999999999847,2.0062,0.00446021,5.451598836824624,1.9141255496008025,1.9141255496008025
flow2.8,102.09999999999847,2.01749,-0.00294625,5.454545082130642,1.9075908921272333,1.9075908921272333
flow2.9,102.09999999999847,2.05024,-0.00963961,5.464184696706631,1.8955016982419526,1.8955016982419526
flow2.0,102.19999999999847,-1,0,5.965480477094879,1.2992907656007446,1.2992907656007446
flow2.1,102.19999999999847,3.29518,-0.221629,6.187109260214931,1.889334031167209,1.889334031167209
flow2.2,102.19999999999847,2.77098,0.0765556,6.110553651720553,2.290585889914807,2.290585889914807
flow2.3,102.19999999999847,2.3066,0.193963,5.916590521032365,2.258769675101542,2.258769675101542
flow2.4,102.19999999999847,2.11531,0.156847,5.7597438100725675,2.1059973762885154,2.1059973762885154
flow2.5,102.19999999999847,2.03728,0.084466,5.675277799968475,1.9620082309314046,1.9620082309314046
flow2.6,102.19999999999847,2.01166,0.0310392,5.644238593824854,1.881795433995439,1.881795433995439
flow2.7,102.19999999999847,2.00694,0.00735223,5.636886365045743,1.8528752822111816,1.8528752822111816
flow2.8,102.19999999999847,2.01729,-0.00205756,5.638943923702396,1.8439884157175346,1.8439884157175346
flow2.9,102.19999999999847,2.04938,-0.00858571,5.647529636149612,1.8334493944298025,1.8334493944298025
flow2.0,102.29999999999846,-1,0,6.207857964630001,2.423774875351228,2.423774875351228
flow2.1,102.29999999999846,3.28033,-0.148495,6.356353024048908,1.6924376383397721,1.6924376383397721
flow2.2,102.29999999999846,2.77438,0.0339514,6.322401631844245,2.118479801236912,2.118479801236912
flow2.3,102.29999999999846,2.32568,0.190802,6.131599231350032,2.15008710317667,2.15008710317667
flow2.4,102.29999999999846,2.13226,0.169473,5.962126252362994,2.0238244229042657,2.0238244229042657
flow2.5,102.29999999999846,2.04718,0.0989862,5.86314005679022,1.8786225682174518,1.8786225682174518
flow2.6,102.29999999999846,2.01569,0.0402852,5.822854871566923,1.7861627774206923,1.7861627774206923
flow2.7,102.29999999999846,2.00805,0.0111233,5.8117316064881095,1.748452414423669,1.748452414423669
flow2.8,102.29999999999846,2.0172,-0.000849881,5.812581487431571,1.736375637291756,1.736375637291756
flow2.9,102.29999999999846,2.04861,-0.00766878,5.820250265733134,1.727206295835222,1.727206295835222
flow2.0,102.39999999999846,-1,0,6.367596648732196,1.5973868410219438,1.5973868410219438
flow2.1,102.39999999999846,3.26384,-0.164962,6.532558345792635,1.7620532174372716,1.7620532174372716
flow2.2,102.39999999999846,2.77492,0.00543025,6.527128093190753,2.047264613465085,2.047264613465085
flow2.3,102.39999999999846,2.34374,0.180584,6.3465443965798976,2.149451652298655,2.149451652298655
flow2.4,102.39999999999846,2.15011,0.178443,6.168101459272043,2.059752069090486,2.059752069090486
flow2.5,102.39999999999846,2.05848,0.112985,6.055116540855263,1.9197648406504264,1.9197648406504264
flow2.6,102.39999999999846,2.02075,0.05056,6.0045564964705695,1.817016249036465,1.817016249036465
flow2.7,102.39999999999846,2.00963,0.0158551,5.988701405627146,1.7696979913903643,1.7696979913903643
flow2.8,102.39999999999846,2.01728,0.000770401,5.987931004837941,1.7534951740636995,1.7534951740636995
flow2.9,102.39999999999846,2.04793,-0.00684657,5.994777573601972,1.745273078688383,1.745273078688383
flow2.0,102.49999999999845,-1,0,6.6172657186512325,2.496690699190367,2.496690699190367
flow2.1,102.49999999999845,3.25562,-0.0821536,6.699419341516472,1.668609957238365,1.668609957238365
flow2.2,102.49999999999845,2.77314,-0.0177899,6.717209267914173,1.900811747234199,1.900811747234199
flow2.3,102.49999999999845,2.36024,0.165032,6.552177361333684,2.0563296475378667,2.0563296475378667
flow2.4,102.49999999999845,2.16839,0.18282,6.369357117760037,2.0125565848799454,2.0125565848799454
flow2.5,102.49999999999845,2.07106,0.125739,6.243617900975796,1.8850136012053298,1.8850136012053298
flow2.6,102.49999999999845,2.0269,0.0615655,6.182052391438962,1.7749589496839224,1.7749589496839224
flow2.7,102.49999999999845,2.01179,0.0215809,6.160471498420191,1.7177009279304478,1.7177009279304478
flow2.8,102.49999999999845,2.01757,0.00290031,6.157571189521077,1.6964018468313569,1.6964018468313569
flow2.9,102.49999999999845,2.04732,-0.00605338,6.16362457096016,1.6884699735818742,1.6884699735818742
flow2.0,102.59999999999845,-1,0,6.812648226431101,1.9538250777986832,1.9538250777986832
flow2.1,102.59999999999845,3.249,-0.0662172,6.8788654098040345,1.794460682875627,1.794460682875627
flow2.2,102.59999999999845,2.77075,-0.0239338,6.902799234987584,1.855899670734109,1.855899670734109
flow2.3,102.59999999999845,2.37478,0.145384,6.75741537211498,2.0523801078129544,2.0523801078129544
flow2.4,102.59999999999845,2.18659,0.182051,6.575364327379386,2.0600720961934904,2.0600720961934904
flow2.5,102.59999999999845,2.0847,0.136474,6.438889953992463,1.9527205301666761,1.9527205301666761
flow2.6,102.59999999999845,2.03419,0.0729032,6.365986723878469,1.8393433243950685,1.8393433243950685
flow2.7,102.59999999999845,2.01462,0.0282724,6.337714293121157,1.7724279470096604,1.7724279470096604
flow2.8,102.59999999999845,2.01813,0.00563032,6.332083974786721,1.7451278526564362,1.7451278526564362
flow2.9,102.59999999999845,2.0468,-0.00520408,6.337288054317609,1.7366348335744952,1.7366348335744952
flow2.0,102.69999999999844,-1,0,7.056408127693921,2.4375990126281977,2.4375990126281977
flow2.1,102.69999999999844,3.24857,-0.00429514,7.0607032720365765,1.8183786223254206,1.8183786223254206
flow2.2,102.69999999999844,2.7687,-0.0205144,7.081217654583827,1.7841841959624283,1.7841841959624283
flow2.3,102.69999999999844,2.38724,0.124555,6.956663083450284,1.9924771133530417,1.9924771133530417
flow2.4,102.69999999999844,2.20419,0.175943,6.780720033866778,2.053557064873921,2.053557064873921
flow2.5,102.69999999999844,2.09915,0.144431,6.636288701680639,1.97398747688176,1.97398747688176
flow2.6,102.69999999999844,2.0426,0.0840812,6.5522074751447015,1.8622075126623283,1.8622075126623283
flow2.7,102.69999999999844,2.0182,0.0358277,6.516379729326911,1.7866543620575381,1.7866543620575381
flow2.8,102.69999999999844,2.01903,0.00903486,6.507344870397713,1.7526089561099223,1.7526089561099223
flow2.9,102.69999999999844,2.04638,-0.00419948,6.511544352821011,1.7425629850340218,1.7425629850340218
flow2.0,102.79999999999843,-1,0,7.267736239399291,2.1132811170537025,2.1132811170537025
flow2.1,102.79999999999843,3.24995,0.0138347,7.253901490563695,1.9319821852711883,1.9319821852711883
flow2.2,102.79999999999843,2.76808,-0.00610834,7.260009831892708,1.7879217730888097,1.7879217730888097
flow2.3,102.79999999999843,2.39772,0.104806,7.155203807108186,1.9854072365790199,1.9854072365790199
flow2.4,102.79999999999843,2.22067,0.164869,6.990335186577295,2.0961515271051656,2.0961515271051656
flow2.5,102.79999999999843,2.11404,0.148933,6.841402586894593,2.0511388521395357,2.0511388521395357
flow2.6,102.79999999999843,2.05206,0.0945331,6.746869476355007,1.9466200121030575,1.9466200121030575
flow2.7,102.79999999999843,2.02261,0.0440639,6.702805568978196,1.8642583965128523,1.8642583965128523
flow2.8,102.79999999999843,2.02035,0.0131598,6.6896457662461835,1.8230089584847065,1.8230089584847065
flow2.9,102.79999999999843,2.04609,-0.00293294,6.692578707244429,1.8103435442341809,1.8103435442341809
flow2.0,102.89999999999843,-1,0,7.421314980700608,1.5357874130131677,1.5357874130131677
flow2.1,102.89999999999843,3.24656,-0.0338948,7.455209805286045,2.0130831472234956,2.0130831472234956
flow2.2,102.89999999999843,2.76972,0.0163381,7.438871665582156,1.7886183368944852,1.7886183368944852
flow2.3,102.89999999999843,2.40657,0.0885178,7.350353843943019,1.951500368348329,1.951500368348329
flow2.4,102.89999999999843,2.23564,0.149681,7.2006725064091714,2.1033731983187653,2.1033731983187653
flow2.5,102.89999999999843,2.12899,0.149473,7.05119981375591,2.097972268613173,2.097972268613173
flow2.6,102.89999999999843,2.06242,0.103646,6.947553635589112,2.0068415923410488,2.0068415923410488
flow2.7,102.89999999999843,2.02788,0.0527136,6.894839989427652,1.9203442044945618,1.9203442044945618
flow2.8,102.89999999999843,2.02215,0.018011,6.8768290194497785,1.8718325320359508,1.8718325320359508
flow2.9,102.89999999999843,2.04596,-0.00129911,6.878128130691599,1.8554942344716974,1.8554942344716974
flow2.0,102.99999999999842,-1,0,7.637142669944787,2.1582768924417906,2.1582768924417906
flow2.1,102.99999999999842,3.24524,-0.01327,7.650412654481955,1.9520284919591013,1.9520284919591013
flow2.2,102.99999999999842,2.77339,0.0367187,7.613694003362676,1.748223377805198,1.748223377805198
flow2.3,102.99999999999842,2.41432,0.0775473,7.536146722631344,1.8579287868832495,1.8579287868832495
flow2.4,102.99999999999842,2.24881,0.131686,7.40446045747779,2.037879510686187,2.037879510686187
flow2.5,102.99999999999842,2.14357,0.145794,7.258666954655051,2.0746714089914065,2.0746714089914065
flow2.6,102.99999999999842,2.0735,0.110801,7.147865782716807,2.003121471276952,2.003121471276952
flow2.7,102.99999999999842,2.03402,0.0614291,7.0864367309763505,1.9159674154869855,1.9159674154869855
flow2.8,102.99999999999842,2.02451,0.0235439,7.062892832901875,1.8606381345209666,1.8606381345209666
flow2.9,102.99999999999842,2.04604,0.00079705,7.062095783012994,1.8396765232139511,1.8396765232139511
flow2.0,103.09999999999842,-1,0,7.768779926857441,1.3163725691265427,1.3163725691265427
flow2.1,103.09999999999842,3.23689,-0.0834755,7.852255475818542,2.0184282133658726,2.0184282133658726
flow2.2,103.09999999999842,2.77943,0.0603654,7.791890071520254,1.7819606815757805,1.7819606815757805
flow2.3,103.09999999999842,2.42155,0.0722242,7.719665868116395,1.835191454850511,1.835191454850511
flow2.4,103.09999999999842,2.26006,0.112513,7.6071524939956365,2.026920365178464,2.026920365178464
flow2.5,103.09999999999842,2.15736,0.137946,7.469206319461498,2.105393648064471,2.105393648064471
flow2.6,103.09999999999842,2.08504,0.115423,7.353783028106807,2.0591724538999934,2.0591724538999934
flow2.7,103.09999999999842,2.041,0.0697916,7.283991456657617,1.9755472568126642,1.9755472568126642
flow2.8,103.09999999999842,2.02747,0.0296548,7.254336662086603,1.9144382918472758,1.9144382918472758
flow2.9,103.09999999999842,2.04638,0.00343052,7.250906137262477,1.8881035424948234,1.8881035424948234
flow2.0,103.19999999999841,-1,0,8.000931819359302,2.3215189250186086,2.3215189250186086
flow2.1,103.19999999999841,3.23291,-0.0398486,8.040780459934986,1.8852498411644358,1.8852498411644358
flow2.2,103.19999999999841,2.78691,0.0748515,7.965928975395378,1.7403890387512355,1.7403890387512355
flow2.3,103.19999999999841,2.42885,0.0730558,7.892873214192051,1.732073460756558,1.732073460756558
flow2.4,103.19999999999841,2.26945,0.0938515,7.7990217482777116,1.9186925428207502,1.9186925428207502
flow2.5,103.19999999999841,2.16999,0.126326,7.672695555078846,2.034892356173481,2.034892356173481
flow2.6,103.19999999999841,2.09675,0.117038,7.555658004435674,2.0187497632886764,2.0187497632886764
flow2.7,103.19999999999841,2.04874,0.0773322,7.478325844910702,1.9433438825308524,1.9433438825308524
flow2.8,103.19999999999841,2.03109,0.0361748,7.442151094854435,1.878144327678326,1.878144327678326
flow2.9,103.19999999999841,2.04704,0.00664502,7.435506070720101,1.8459993345762449,1.8459993345762449
flow2.0,103.2999999999984,-1,0,8.178029452316459,1.7709763295715675,1.7709763295715675
flow2.1,103.2999999999984,3.22693,-0.0597722,8.237801666359255,1.9702120642426912,1.9702120642426912
flow2.2,103.2999999999984,2.79607,0.0915846,8.146217062723798,1.8028808732842005,1.8028808732842005
flow2.3,103.2999999999984,2.43672,0.0787153,8.067501742893738,1.746285287016871,1.746285287016871
flow2.4,103.2999999999984,2.27718,0.0773676,7.990134106146914,1.9111235786920222,1.9111235786920222
flow2.5,103.2999999999984,2.18116,0.111661,7.878472669373862,2.0577711429501555,2.0577711429501555
flow2.6,103.2999999999984,2.10828,0.115325,7.763147242177287,2.0748923774161288,2.0748923774161288
flow2.7,103.2999999999984,2.05709,0.0835579,7.679589372838849,2.012635279281465,2.012635279281465
flow2.8,103.2999999999984,2.03538,0.0428693,7.636720100015712,1.9456900516127629,1.9456900516127629
flow2.9,103.2999999999984,2.04809,0.010445,7.62627514243429,1.9076907171418878,1.9076907171418878
flow2.0,103.3999999999984,-1,0,8.419495193066304,2.414657407498453,2.414657407498453
flow2.1,103.3999999999984,3.22575,-0.0118045,8.431299690588355,1.9349802422910045,1.9349802422910045
flow2.2,103.3999999999984,2.80635,0.102818,8.328481551013407,1.8226448828960962,1.8226448828960962
flow2.3,103.3999999999984,2.44561,0.0888246,8.239656920386087,1.7215517749234976,1.7215517749234976
flow2.4,103.3999999999984,2.28363,0.0644036,8.175253323921142,1.8511921777422824,1.8511921777422824
flow2.5,103.3999999999984,2.19066,0.0949753,8.080278010410103,2.0180534103624126,2.0180534103624126
flow2.6,103.3999999999984,2.1193,0.110174,7.970103808486632,2.069565663093451,2.069565663093451
flow2.7,103.3999999999984,2.06589,0.0879874,7.882116403216217,2.025270303773681,2.025270303773681
flow2.8,103.3999999999984,2.04032,0.0494427,7.8326737110528875,1.959536110371758,1.959536110371758
flow2.9,103.3999999999984,2.04957,0.014786,7.817887725113903,1.9161258267961312,1.9161258267961312
flow2.0,103.4999999999984,-1,0,8.584494547085832,1.6499935401952825,1.6499935401952825
flow2.1,103.4999999999984,3.22078,-0.0497202,8.634214710779272,2.0291502019091645,2.0291502019091645
flow2.2,103.4999999999984,2.81779,0.114339,8.519875741760984,1.9139419074757669,1.9139419074757669
flow2.3,103.4999999999984,2.4558,0.101933,8.417942790491514,1.7828587010542662,1.7828587010542662
flow2.4,103.4999999999984,2.28923,0.0560077,8.361935053437657,1.8668172951651485,1.8668172951651485
flow2.5,103.4999999999984,2.19841,0.0774985,8.28443656870919,2.041585582990866,2.041585582990866
flow2.6,103.4999999999984,2.12947,0.101713,8.182723443976904,2.1261963549027207,2.1261963549027207
flow2.7,103.4999999999984,2.07491,0.0901923,8.09253111590054,2.104147126843232,2.104147126843232
flow2.8,103.4999999999984,2.04587,0.0555488,8.03698229122483,2.0430858017194176,2.0430858017194176
flow2.9,103.4999999999984,2.05152,0.0195701,8.017412146002298,1.995244208883955,1.995244208883955
flow2.0,103.59999999999839,-1,0,8.82785505447513,2.433605073892977,2.433605073892977
flow2.1,103.59999999999839,3.22044,-0.00331995,8.831175002417218,1.9696029163794648,1.9696029163794648
flow2.2,103.59999999999839,2.8296,0.118106,8.7130694754002,1.93193733639216,1.93193733639216
flow2.3,103.59999999999839,2.46751,0.117121,8.595948955837692,1.7800616534617753,1.7800616534617753
flow2.4,103.59999999999839,2.2945,0.0527715,8.543177449039796,1.8124239560213873,1.8124239560213873
flow2.5,103.59999999999839,2.20446,0.0605736,8.482603855794219,1.9816728708502929,1.9816728708502929
flow2.6,103.59999999999839,2.1385,0.0903303,8.392273563042048,2.0955011906514365,2.0955011906514365
flow2.7,103.59999999999839,2.08389,0.089839,8.302434590375462,2.099034744749222,2.099034744749222
flow2.8,103.59999999999839,2.05196,0.0608094,8.24162519047474,2.0464289924991164,2.0464289924991164
flow2.9,103.59999999999839,2.05399,0.0246426,8.216982552266211,1.9957040626391276,1.9957040626391276
flow2.0,103.69999999999838,-1,0,9.005850096943085,1.779950424679555,1.779950424679555
flow2.1,103.69999999999838,3.21733,-0.0311251,9.03697524544884,2.0580024303162148,2.0580024303162148
flow2.2,103.69999999999838,2.84173,0.121287,8.91568839806379,2.0261892266358927,2.0261892266358927
flow2.3,103.69999999999838,2.48076,0.132518,8.78317027630672,1.8722132046902829,1.8722132046902829
flow2.4,103.69999999999838,2.29999,0.0548712,8.728299082857664,1.8512163381786806,1.8512163381786806
flow2.5,103.69999999999838,2.20902,0.0455391,8.682759989689561,2.001561338953426,2.001561338953426
flow2.6,103.69999999999838,2.14617,0.0766661,8.606093844444914,2.1382028140286558,2.1382028140286558
flow2.7,103.69999999999838,2.0926,0.087073,8.519020819104565,2.165862287291027,2.165862287291027
flow2.8,103.69999999999838,2.05847,0.0651932,8.453827606516334,2.1220241604159362,2.1220241604159362
flow2.9,103.69999999999838,2.0569,0.0290944,8.424733198716384,2.077506464501724,2.077506464501724
flow2.0,103.79999999999838,-1,0,9.208769116824023,2.029190198809374,2.029190198809374
flow2.1,103.79999999999838,3.21424,-0.0309193,9.239688445315323,2.027131998664835,2.027131998664835
flow2.2,103.79999999999838,2.85359,0.118688,9.121000458707773,2.0531206064398333,2.0531206064398333
flow2.3,103.79999999999838,2.49547,0.14711,8.973890581454864,1.9072030514814386,1.9072030514814386
flow2.4,103.79999999999838,2.30619,0.0619721,8.91191845134858,1.836193684909162,1.836193684909162
flow2.5,103.79999999999838,2.21238,0.033617,8.87830140613694,1.9554141644737832,1.9554141644737832
flow2.6,103.79999999999838,2.15233,0.0615826,8.816718772891065,2.106249284461512,2.106249284461512
flow2.7,103.79999999999838,2.10074,0.0814442,8.735274584882186,2.162537657776209,2.162537657776209
flow2.8,103.79999999999838,2.06527,0.0679352,8.66733939048698,2.135117839706453,2.135117839706453
flow2.9,103.79999999999838,2.06026,0.0335748,8.633764630753703,2.090314320373192,2.090314320373192
flow2.0,103.89999999999837,-1,0,9.33600051312218,1.2723139629815705,1.2723139629815705
flow2.1,103.89999999999837,3.20344,-0.107945,9.443945363672274,2.042569183569505,2.042569183569505
flow2.2,103.89999999999837,2.86495,0.113538,9.33040742469241,2.094069659846376,2.094069659846376
flow2.3,103.89999999999837,2.51142,0.159436,9.170971623275898,1.9708104182103447,1.9708104182103447
flow2.4,103.89999999999837,2.31352,0.073361,9.097610602883256,1.8569215153467589,1.8569215153467589
flow2.5,103.89999999999837,2.21496,0.0258001,9.07181048019476,1.9350907405782003,1.9350907405782003
flow2.6,103.89999999999837,2.15694,0.0461107,9.02569982082362,2.0898104793255534,2.0898104793255534
flow2.7,103.89999999999837,2.10806,0.0731167,8.952583086530693,2.173085016485068,2.173085016485068
flow2.8,103.89999999999837,2.07214,0.0687102,8.883872852147244,2.165334616602639,2.165334616602639
flow2.9,103.89999999999837,2.06404,0.0377981,8.846074726426943,2.1231009567324044,2.1231009567324044
flow2.0,103.99999999999837,-1,0,9.545015951164295,2.090154380421154,2.090154380421154
flow2.1,103.99999999999837,3.19479,-0.0865431,9.631559011463233,1.8761364779095935,1.8761364779095935
flow2.2,103.99999999999837,2.87465,0.0970604,9.534498578346026,2.0409115365361608,2.0409115365361608
flow2.3,103.99999999999837,2.52828,0.16858,9.365919019743917,1.949473964680184,1.949473964680184
flow2.4,103.99999999999837,2.32232,0.0879571,9.277961917311835,1.803513144285791,1.803513144285791
flow2.5,103.99999999999837,2.21724,0.022767,9.255194950110152,1.8338446991539215,1.8338446991539215
flow2.6,103.99999999999837,2.16007,0.0313765,9.223818413502247,1.9811859267862708,1.9811859267862708
flow2.7,103.99999999999837,2.1143,0.062468,9.161350369572869,2.087672830421763,2.087672830421763
flow2.8,103.99999999999837,2.07887,0.0672806,9.094069722022597,2.101968698753538,2.101968698753538
flow2.9,103.99999999999837,2.06818,0.0414412,9.05262851448547,2.065537880585264,2.065537880585264
flow2.0,104.09999999999836,-1,0,9.763292653497537,2.182767023332417,2.182767023332417
flow2.1,104.09999999999836,3.1891,-0.0569241,9.82021678549597,1.8865777403273754,1.8865777403273754
flow2.2,104.09999999999836,2.88274,0.0808996,9.739317188933661,2.0481861058763506,2.0481861058763506
flow2.3,104.09999999999836,2.54556,0.172813,9.566504509671567,2.005854899276507,2.005854899276507
flow2.4,104.09999999999836,2.33276,0.104447,9.462057457984669,1.8409554067283374,1.8409554067283374
flow2.5,104.09999999999836,2.21972,0.0248177,9.437239795996605,1.8204484588645364,1.8204484588645364
flow2.6,104.09999999999836,2.16193,0.0185161,9.41872367970759,1.9490526620534254,1.9490526620534254
flow2.7,104.09999999999836,2.11931,0.0500803,9.36864342626186,2.0729305668899123,2.0729305668899123
flow2.8,104.09999999999836,2.08522,0.063529,9.305114383603936,2.110446615813384,2.110446615813384
flow2.9,104.09999999999836,2.0726,0.0441662,9.260948163840787,2.0831964935531744,2.0831964935531744
flow2.0,104.19999999999835,-1,0,9.976833309203847,2.1354065570631064,2.1354065570631064
flow2.1,104.19999999999835,3.18546,-0.0363343,10.013167606241344,1.9295082074537362,1.9295082074537362
flow2.2,104.19999999999835,2.8895,0.0675883,9.945579322458176,2.0626213352451472,2.0626213352451472
flow2.3,104.19999999999835,2.56275,0.17197,9.773609533313854,2.0710502364228667,2.0710502364228667
flow2.4,104.19999999999835,2.34489,0.121271,9.652338062725553,1.9028060474088448,1.9028060474088448
flow2.5,104.19999999999835,2.2229,0.0318448,9.620493279703949,1.8325348370734318,1.8325348370734318
flow2.6,104.19999999999835,2.16278,0.00858156,9.611911723634073,1.9318804392648303,1.9318804392648303
flow2.7,104.19999999999835,2.12298,0.0367157,9.575196041194447,2.065526149325869,2.065526149325869
flow2.8,104.19999999999835,2.09097,0.0574844,9.51771159188816,2.1259720828422424,2.1259720828422424
flow2.9,104.19999999999835,2.07716,0.0456499,9.472061687413838,2.111135235730508,2.111135235730508
flow2.0,104.29999999999835,-1,0,10.102278589165998,1.2544527996215038,1.2544527996215038
flow2.1,104.29999999999835,3.17467,-0.10794,10.21021868736916,1.9705108112781566,1.9705108112781566
flow2.2,104.29999999999835,2.89524,0.0573446,10.152874071373125,2.072947489149488,2.072947489149488
flow2.3,104.29999999999835,2.57941,0.166544,9.986329777539751,2.127202442258973,2.127202442258973
flow2.4,104.29999999999835,2.35858,0.136884,9.84944560871384,1.971075459882865,1.971075459882865
flow2.5,104.29999999999835,2.22724,0.043326,9.806119616501448,1.856263367974993,1.856263367974993
flow2.6,104.29999999999835,2.16303,0.00245107,9.8036685471512,1.9175682351712808,1.9175682351712808
flow2.7,104.29999999999835,2.12531,0.0232714,9.780397116754708,2.052010755602609,2.052010755602609
flow2.8,104.29999999999835,2.0959,0.0493405,9.731056663576659,2.1334507168849903,2.1334507168849903
flow2.9,104.29999999999835,2.08172,0.0456141,9.685442522168913,2.1338083475507474,2.1338083475507474
flow2.0,104.39999999999834,-1,0,10.261677781247762,1.5939919208176434,1.5939919208176434
flow2.1,104.39999999999834,3.16173,-0.129374,10.391052013243485,1.8083332587432466,1.8083332587432466
flow2.2,104.39999999999834,2.89922,0.0398377,10.351214310926887,1.9834023955376168,1.9834023955376168
flow2.3,104.39999999999834,2.59514,0.157368,10.193846110138324,2.075163325985727,2.075163325985727
flow2.4,104.39999999999834,2.37357,0.149922,10.043924314349116,1.9447870563527658,1.9447870563527658
flow2.5,104.39999999999834,2.23307,0.0583636,9.985560667409146,1.7944105090769824,1.7944105090769824
flow2.6,104.39999999999834,2.1631,0.000746935,9.984813732403447,1.8114518525224632,1.8114518525224632
flow2.7,104.39999999999834,2.12638,0.0107213,9.974092393117726,1.9369527636301775,1.9369527636301775
flow2.8,104.39999999999834,2.09985,0.0394618,9.934630547320722,2.0357388374406327,2.0357388374406327
flow2.9,104.39999999999834,2.08611,0.0438559,9.890774645619604,2.0533212345069174,2.0533212345069174
flow2.0,104.49999999999834,-1,0,10.450949645379787,1.8927186413202435,1.8927186413202435
flow2.1,104.49999999999834,3.15059,-0.111435,10.562385030961618,1.7133301771813336,1.7133301771813336
flow2.2,104.49999999999834,2.90128,0.0205795,10.541805513776913,1.9059120285002606,1.9059120285002606
flow2.3,104.49999999999834,2.60957,0.144258,10.397547151405416,2.0370104126709165,2.0370104126709165
flow2.4,104.49999999999834,2.3895,0.159318,10.238229111621516,1.943047972723999,1.943047972723999
flow2.5,104.49999999999834,2.24065,0.0757636,10.162465529586353,1.7690486217720647,1.7690486217720647
flow2.6,104.49999999999834,2.16348,0.00377125,10.15869428249162,1.7388055008817282,1.7388055008817282
flow2.7,104.49999999999834,2.12639,4.48851e-05,10.158649397419678,1.8455700430195243,1.8455700430195243
flow2.8,104.49999999999834,2.10269,0.0283765,10.130272851752883,1.9564230443216069,1.9564230443216069
flow2.9,104.49999999999834,2.09014,0.0402762,10.089996672221346,1.9922202660174193,1.9922202660174193
flow2.0,104.59999999999833,-1,0,10.63426447756914,1.8331483218935318,1.8331483218935318
flow2.1,104.59999999999833,3.14084,-0.0975209,10.73178536505908,1.6940033409746214,1.6940033409746214
flow2.2,104.59999999999833,2.90176,0.00484351,10.726941852624595,1.8513633884768232,1.8513633884768232
flow2.3,104.59999999999833,2.62234,0.127706,10.599235937156331,2.0168878575091576,2.0168878575091576
flow2.4,104.59999999999833,2.40593,0.164235,10.43500140603375,1.9677229441223432,1.9677229441223432
flow2.5,104.59999999999833,2.25006,0.0941423,10.340859154153739,1.7839362456738606,1.7839362456738606
flow2.6,104.59999999999833,2.16463,0.0114686,10.329390593206519,1.7069631071489866,1.7069631071489866
flow2.7,104.59999999999833,2.1256,-0.00784975,10.337240347007931,1.7859094958825317,1.7859094958825317
flow2.8,104.59999999999833,2.10436,0.0167559,10.320484425024823,1.9021157327193983,1.9021157327193983
flow2.9,104.59999999999833,2.09363,0.0349,10.285584473568692,1.9558780134734555,1.9558780134734555
flow2.0,104.69999999999833,-1,0,10.87158289040648,2.3731841283733957,2.3731841283733957
flow2.1,104.69999999999833,3.13806,-0.0277702,10.899353072387003,1.6756770732792248,1.6756770732792248
flow2.2,104.69999999999833,2.90107,-0.00691629,10.906269360662085,1.793275080374901,1.793275080374901
flow2.3,104.69999999999833,2.63323,0.108918,10.797350896733045,1.9811495957671355,1.9811495957671355
flow2.4,104.69999999999833,2.42234,0.164152,10.633198964905414,1.9819755887166401,1.9819755887166401
flow2.5,104.69999999999833,2.26127,0.112029,10.52116983048807,1.8031067633433118,1.8031067633433118
flow2.6,104.69999999999833,2.16697,0.0234206,10.497749233447923,1.6835864024140434,1.6835864024140434
flow2.7,104.69999999999833,2.12438,-0.0122043,10.509953580149684,1.727132331417529,1.727132331417529
flow2.8,104.69999999999833,2.1049,0.00537367,10.50457990934739,1.8409548432256706,1.8409548432256706
flow2.9,104.69999999999833,2.09642,0.0278976,10.476682334154214,1.9109786058552203,1.9109786058552203
flow2.0,104.79999999999832,-1,0,11.020008528296366,1.4842563788988627,1.4842563788988627
flow2.1,104.79999999999832,3.13216,-0.0589881,11.078996626615147,1.796435542281447,1.796435542281447
flow2.2,104.79999999999832,2.90032,-0.00748147,11.08647809818552,1.802087375234347,1.802087375234347
flow2.3,104.79999999999832,2.64216,0.0892396,10.997238499147343,1.9988760241429837,1.9988760241429837
flow2.4,104.79999999999832,2.43824,0.158962,10.838276436676338,2.0507747177092384,2.0507747177092384
flow2.5,104.79999999999832,2.27406,0.127984,10.710292496651396,1.8912266616332651,1.8912266616332651
flow2.6,104.79999999999832,2.17086,0.0388648,10.671427664073983,1.7367843062605992,1.7367843062605992
flow2.7,104.79999999999832,2.12313,-0.0124779,10.683905589346418,1.7395200919673393,1.7395200919673393
flow2.8,104.79999999999832,2.1044,-0.00494538,10.688850970684381,1.8427106133699134,1.8427106133699134
flow2.9,104.79999999999832,2.09837,0.0195874,10.669263591882526,1.9258125772831214,1.9258125772831214
flow2.0,104.89999999999831,-1,0,11.233928593207146,2.1392006491078064,2.1392006491078064
flow2.1,104.89999999999831,3.13038,-0.0177782,11.251706836147736,1.7271020953258898,1.7271020953258898
flow2.2,104.89999999999831,2.89949,-0.00828964,11.25999647544976,1.735183772642408,1.735183772642408
flow2.3,104.89999999999831,2.64924,0.0708802,11.189116286299733,1.9187778715238935,1.9187778715238935
flow2.4,104.89999999999831,2.45314,0.148974,11.040141796086793,2.018653594104549,2.018653594104549
flow2.5,104.89999999999831,2.28813,0.140703,10.899439139154795,1.8914664250339897,1.8914664250339897
flow2.6,104.89999999999831,2.17653,0.0567461,10.842693012134246,1.7126534806026328,1.7126534806026328
flow2.7,104.89999999999831,2.12229,-0.00840805,10.85110105738847,1.6719546804205265,1.6719546804205265
flow2.8,104.89999999999831,2.10307,-0.0133702,10.864471222345422,1.7562025166104078,1.7562025166104078
flow2.9,104.89999999999831,2.09942,0.0104192,10.854052070479348,1.847884785968219,1.847884785968219
flow2.0,104.99999999999831,-1,0,11.389715123816622,1.5578653060947545,1.5578653060947545
flow2.1,104.99999999999831,3.12613,-0.0425562,11.432271280726955,1.8056444457921828,1.8056444457921828
flow2.2,104.99999999999831,2.89932,-0.00176123,11.434032515392152,1.740360399423917,1.740360399423917
flow2.3,104.99999999999831,2.65471,0.0546636,11.37936888234417,1.902525960444379,1.902525960444379
flow2.4,104.99999999999831,2.46663,0.13498,11.244388871367903,2.0424707528110986,2.0424707528110986
flow2.5,104.99999999999831,2.30305,0.149139,11.095250305326012,1.958111661712163,1.958111661712163
flow2.6,104.99999999999831,2.18411,0.0757882,11.019462135564261,1.7676912343001483,1.7676912343001483
flow2.7,104.99999999999831,2.12229,-4.5189e-05,11.019507324560081,1.6840626717161022,1.6840626717161022
flow2.8,104.99999999999831,2.10115,-0.0191386,11.038645971996786,1.7417474965136392,1.7417474965136392
flow2.9,104.99999999999831,2.09951,0.000966543,11.037679429362665,1.8362735888331727,1.8362735888331727
flow2.0,105.0999999999983,-1,0,11.609632896474558,2.1991777265793644,2.1991777265793644
flow2.1,105.0999999999983,3.12629,0.0016627,11.6079701979449,1.7569891721794484,1.7569891721794484
flow2.2,105.0999999999983,2.89972,0.0039968,11.603973395678837,1.6994088028668486,1.6994088028668486
flow2.3,105.0999999999983,2.65892,0.0420659,11.561907474411619,1.825385920674485,1.825385920674485
flow2.4,105.0999999999983,2.47844,0.118044,11.44386307360027,1.9947420223236634,1.9947420223236634
flow2.5,105.0999999999983,2.31831,0.152588,11.291275440551006,1.9602513522499443,1.9602513522499443
flow2.6,105.0999999999983,2.19357,0.0945922,11.196683233545142,1.7722109798088148,1.7722109798088148
flow2.7,105.0999999999983,2.12351,0.01224,11.184443238988564,1.6493591442848299,1.6493591442848299
flow2.8,105.0999999999983,2.09899,-0.0216207,11.206063890249473,1.674179182526867,1.674179182526867
flow2.9,105.0999999999983,2.0987,-0.00810778,11.214171671048744,1.764922416860788,1.764922416860788
flow2.0,105.1999999999983,-1,0,11.841832556220233,2.321996597456746,2.321996597456746
flow2.1,105.1999999999983,3.13115,0.04858,11.793252519044803,1.8528232109990306,1.8528232109990306
flow2.2,105.1999999999983,2.90132,0.0160468,11.777205717617885,1.7323232193904836,1.7323232193904836
flow2.3,105.1999999999983,2.66226,0.0333989,11.743806844690006,1.818993702783871,1.818993702783871
flow2.4,105.1999999999983,2.48839,0.0995173,11.644289581312902,2.0042650771263304,2.0042650771263304
flow2.5,105.1999999999983,2.33338,0.150744,11.493545802331518,2.022703617805117,2.022703617805117
flow2.6,105.1999999999983,2.20474,0.11175,11.381795940917204,1.8511270737206154,1.8511270737206154
flow2.7,105.1999999999983,2.12629,0.0277608,11.354035103239163,1.695918642505987,1.695918642505987
flow2.8,105.1999999999983,2.09695,-0.0203777,11.374412826654451,1.6834893640497839,1.6834893640497839
flow2.9,105.1999999999983,2.09709,-0.016103,11.390515814842692,1.763441437939477,1.763441437939477
flow2.0,105.29999999999829,-1,0,12.090138685522597,2.4830612930236384,2.4830612930236384
flow2.1,105.29999999999829,3.14123,0.100818,11.989321119961389,1.9606860091658618,1.9606860091658618
flow2.2,105.29999999999829,2.90453,0.0320283,11.957292857330971,1.8008713971308588,1.8008713971308588
flow2.3,105.29999999999829,2.66521,0.0295109,11.927781911894217,1.8397506720421042,1.8397506720421042
flow2.4,105.29999999999829,2.49647,0.080807,11.846974956480716,2.0268537516781393,2.0268537516781393
flow2.5,105.29999999999829,2.34775,0.143736,11.703238978551902,2.0969317622038375,2.0969317622038375
flow2.6,105.29999999999829,2.21734,0.125952,11.577287321428027,1.9549138051082338,1.9549138051082338
flow2.7,105.29999999999829,2.13084,0.0455543,11.53173306606292,1.7769796282375694,1.7769796282375694
flow2.8,105.29999999999829,2.09543,-0.0152124,11.546945439391596,1.7253261273714493,1.7253261273714493
flow2.9,105.29999999999829,2.09486,-0.0223164,11.569261829548317,1.7874601470562546,1.7874601470562546
flow2.0,105.39999999999829,-1,0,12.291113434516355,2.009747489937581,2.009747489937581
flow2.1,105.39999999999829,3.15091,0.0967351,12.194378287391878,2.0505716743048907,2.0505716743048907
flow2.2,105.39999999999829,2.90916,0.0463041,12.14807421845623,1.907813611252589,1.907813611252589
flow2.3,105.39999999999829,2.66828,0.0307622,12.117312039174362,1.8953012728014507,1.8953012728014507
flow2.4,105.39999999999829,2.50281,0.0633654,12.053946631666738,2.06971675186022,2.06971675186022
flow2.5,105.39999999999829,2.36118,0.134297,11.919649958735555,2.1641098018365312,2.1641098018365312
flow2.6,105.39999999999829,2.23112,0.137786,11.781863471853713,2.0457615042568555,2.0457615042568555
flow2.7,105.39999999999829,2.1369,0.0605655,11.721297939623662,1.895648735607427,1.895648735607427
flow2.8,105.39999999999829,2.09481,-0.006199,11.727496944159308,1.8055150476771153,1.8055150476771153
flow2.9,105.39999999999829,2.09225,-0.0261071,11.753604053809818,1.8434222426150093,1.8434222426150093
flow2.0,105.49999999999828,-1,0,12.463568983494532,1.7245554897817783,1.7245554897817783
flow2.1,105.49999999999828,3.15657,0.0566431,12.406925926917285,2.1254763952540756,2.1254763952540756
flow2.2,105.49999999999828,2.9153,0.0614495,12.345476418395585,1.9740219993935426,1.9740219993935426
flow2.3,105.49999999999828,2.67195,0.036605,12.308871452649889,1.915594134755274,1.915594134755274
flow2.4,105.49999999999828,2.50766,0.0485641,12.260307375737105,2.063607440703663,2.063607440703663
flow2.5,105.49999999999828,2.37325,0.120639,12.139668114425223,2.2001815568966876,2.2001815568966876
flow2.6,105.49999999999828,2.24568,0.145658,11.994010263875118,2.121467920214055,2.121467920214055
flow2.7,105.49999999999828,2.14445,0.0754542,11.918556061590667,1.972581219670051,1.972581219670051
flow2.8,105.49999999999828,2.0954,0.00583309,11.912722971787137,1.8522602762782903,1.8522602762782903
flow2.9,105.49999999999828,2.08955,-0.0269523,11.939675241204986,1.8607118739516793,1.8607118739516793
flow2.0,105.59999999999827,-1,0,12.59786334326467,1.3429435977013782,1.3429435977013782
flow2.1,105.59999999999827,3.15444,-0.0213161,12.619179427685978,2.1225350076869276,2.1225350076869276
flow2.2,105.59999999999827,2.92257,0.0726709,12.546508569595742,2.0103215120015783,2.0103215120015783
flow2.3,105.59999999999827,2.6766,0.0465355,12.499973084790206,1.9110163214031672,1.9110163214031672
flow2.4,105.59999999999827,2.51142,0.0375187,12.462454382981049,2.021470072439442,2.021470072439442
flow2.5,105.59999999999827,2.38364,0.103951,12.358503633739643,2.1883551931441936,2.1883551931441936
flow2.6,105.59999999999827,2.26046,0.147784,12.210719569723256,2.1670930584813775,2.1670930584813775
flow2.7,105.59999999999827,2.15348,0.0903564,12.1203631960024,2.0180713441173204,2.0180713441173204
flow2.8,105.59999999999827,2.09742,0.0202109,12.100152297939317,1.8742932615218066,1.8742932615218066
flow2.9,105.59999999999827,2.0871,-0.0245499,12.124702172892366,1.8502693168738027,1.8502693168738027
flow2.0,105.69999999999827,-1,0,12.833716649195175,2.3585330593050458,2.3585330593050458
flow2.1,105.69999999999827,3.15585,0.0141216,12.819595052632128,2.004156249461495,2.004156249461495
flow2.2,105.69999999999827,2.92995,0.0737876,12.745807488505122,1.9929891890937945,1.9929891890937945
flow2.3,105.69999999999827,2.68253,0.0593289,12.686478617909295,1.865055331190888,1.865055331190888
flow2.4,105.69999999999827,2.51452,0.0310474,12.655431252840811,1.929768698597627,1.929768698597627
flow2.5,105.69999999999827,2.39221,0.0856565,12.56977478728718,2.1127115354753734,2.1127115354753734
flow2.6,105.69999999999827,2.27487,0.144065,12.425710004366826,2.1499043464356937,2.1499043464356937
flow2.7,105.69999999999827,2.16388,0.103968,12.321741950892292,2.0137875488989287,2.0137875488989287
flow2.8,105.69999999999827,2.10104,0.0362329,12.285509074035827,1.8535677609651025,1.8535677609651025
flow2.9,105.69999999999827,2.08522,-0.0188226,12.304331720394488,1.7962954750212212,1.7962954750212212
flow2.0,105.79999999999826,-1,0,13.053002089826386,2.192854406312108,2.192854406312108
flow2.1,105.79999999999826,3.15833,0.0247273,13.028274740087252,2.08679687455124,2.08679687455124
flow2.2,105.79999999999826,2.93753,0.0758386,12.952436136840006,2.066286483348847,2.066286483348847
flow2.3,105.79999999999826,2.68982,0.0728762,12.879559913207716,1.9308129529842155,1.9308129529842155
flow2.4,105.79999999999826,2.51748,0.0295601,12.849999796704996,1.945685438641842,1.945685438641842
flow2.5,105.79999999999826,2.39894,0.0673062,12.782693611398775,2.1291882411159513,2.1291882411159513
flow2.6,105.79999999999826,2.28848,0.136158,12.6465353665698,2.2082536220297477,2.2082536220297477
flow2.7,105.79999999999826,2.17541,0.115311,12.53122424663387,2.094822957415783,2.094822957415783
flow2.8,105.79999999999826,2.10619,0.0514617,12.479762542748114,1.9425346871228655,1.9425346871228655
flow2.9,105.79999999999826,2.08423,-0.00990872,12.489671261546341,1.8533954115185303,1.8533954115185303
flow2.0,105.89999999999826,-1,0,13.282330549682719,2.293284598563332,2.293284598563332
flow2.1,105.89999999999826,3.16226,0.0393215,13.243009081355845,2.147343412685938,2.147343412685938
flow2.2,105.89999999999826,2.94532,0.077934,13.165075045300567,2.126389084605602,2.126389084605602
flow2.3,105.89999999999826,2.69845,0.0863062,13.078768859718876,1.9920894651115972,1.9920894651115972
flow2.4,105.89999999999826,2.52077,0.0329407,13.04582818060241,1.9582838389741397,1.9582838389741397
flow2.5,105.89999999999826,2.40398,0.0504316,12.99539659680638,2.1270298540760457,2.1270298540760457
flow2.6,105.89999999999826,2.3008,0.123198,12.872199003181828,2.2566363661202793,2.2566363661202793
flow2.7,105.89999999999826,2.18788,0.12474,12.747459493085186,2.1623524645131553,2.1623524645131553
flow2.8,105.89999999999826,2.11272,0.065328,12.682131494381823,2.023689516337086,2.023689516337086
flow2.9,105.89999999999826,2.08439,0.00164334,12.680488157383094,1.908168958367522,1.908168958367522
flow2.0,105.99999999999825,-1,0,13.444803554983572,1.624730053008534,1.624730053008534
flow2.1,105.99999999999825,3.16038,-0.0188175,13.463621032413007,2.206119510571618,2.206119510571618
flow2.2,105.99999999999825,2.95329,0.0796802,13.383940802351034,2.1886575705046774,2.1886575705046774
flow2.3,105.99999999999825,2.70825,0.0979594,13.285981446477589,2.072125867587129,2.072125867587129
flow2.4,105.99999999999825,2.52484,0.0407116,13.245269812810447,1.9944163220803723,1.9944163220803723
flow2.5,105.99999999999825,2.40762,0.0364092,13.208860601090258,2.1346400428387824,2.1346400428387824
flow2.6,105.99999999999825,2.3115,0.106942,13.10191870035852,2.2971969717669083,2.2971969717669083
flow2.7,105.99999999999825,2.20114,0.132597,12.969322198461283,2.2186270537609687,2.2186270537609687
flow2.8,105.99999999999825,2.12041,0.0768832,12.89243895407658,2.1030745969475717,2.1030745969475717
flow2.9,105.99999999999825,2.08574,0.0134482,12.878990756061512,1.9850259867841835,1.9850259867841835
flow2.0,106.09999999999825,-1,0,13.628980732272375,1.8417717728880234,1.8417717728880234
flow2.1,106.09999999999825,3.15568,-0.0469806,13.675961347179745,2.123403147667382,2.123403147667382
flow2.2,106.09999999999825,2.96067,0.0737612,13.602200145732963,2.1825934338192887,2.1825934338192887
flow2.3,106.09999999999825,2.71907,0.108204,13.493996206081254,2.0801475960366567,2.0801475960366567
flow2.4,106.09999999999825,2.53004,0.0519831,13.44201312359376,1.9674331078331342,1.9674331078331342
flow2.5,106.09999999999825,2.41026,0.0263454,13.415667737172638,2.0680713608238044,2.0680713608238044
flow2.6,106.09999999999825,2.3203,0.0879942,13.327673521788487,2.2575482142996783,2.2575482142996783
flow2.7,106.09999999999825,2.2146,0.134594,13.193079105543434,2.2375690708215146,2.2375690708215146
flow2.8,106.09999999999825,2.12922,0.0881035,13.104975623242344,2.1253666916576464,2.1253666916576464
flow2.9,106.09999999999825,2.0884,0.026665,13.078310663954435,1.9931990789292264,1.9931990789292264
flow2.0,106.19999999999824,-1,0,13.823481150768693,1.9450041849631816,1.9450041849631816
flow2.1,106.19999999999824,3.14972,-0.0595905,13.883071643028503,2.0711029584875718,2.0711029584875718
flow2.2,106.19999999999824,2.96698,0.0631429,13.819928758228281,2.177286124953177,2.177286124953177
flow2.3,106.19999999999824,2.73064,0.115686,13.704243024543738,2.1024681846248328,2.1024681846248328
flow2.4,106.19999999999824,2.53662,0.0657628,13.63848022753156,1.9646710393779898,1.9646710393779898
flow2.5,106.19999999999824,2.41236,0.0209876,13.61749257769986,2.018248405272214,2.018248405272214
flow2.6,106.19999999999824,2.32709,0.0679342,13.549558329457735,2.218848076692481,2.218848076692481
flow2.7,106.19999999999824,2.22766,0.130599,13.418959516655606,2.2588041111217194,2.2588041111217194
flow2.8,106.19999999999824,2.13901,0.0979569,13.321002618060234,2.1602699481788967,2.1602699481788967
flow2.9,106.19999999999824,2.09247,0.0406499,13.280352691907604,2.0204202795316917,2.0204202795316917
flow2.0,106.29999999999824,-1,0,13.96458718624175,1.41106035473058,1.41106035473058
flow2.1,106.29999999999824,3.13752,-0.122017,14.086604085901925,2.0353244287342243,2.0353244287342243
flow2.2,106.29999999999824,2.97198,0.0499598,14.036644310291607,2.167155520633255,2.167155520633255
flow2.3,106.29999999999824,2.74259,0.11951,13.917134133891082,2.1289110934734445,2.1289110934734445
flow2.4,106.29999999999824,2.5447,0.0808339,13.836300263516607,1.9782003598504794,1.9782003598504794
flow2.5,106.29999999999824,2.41442,0.0206797,13.81562054446556,1.9812796676569988,1.9812796676569988
flow2.6,106.29999999999824,2.33193,0.0484101,13.767210412471377,2.1765208301364147,2.1765208301364147
flow2.7,106.29999999999824,2.23976,0.120963,13.646247416805592,2.2728790014998523,2.2728790014998523
flow2.8,106.29999999999824,2.14956,0.105427,13.54082029280338,2.1981767474314573,2.1981767474314573
flow2.9,106.29999999999824,2.09793,0.0546764,13.486143858821332,2.0579116691372867,2.0579116691372867
flow2.0,106.39999999999823,-1,0,14.13690209410246,1.7231490786070935,1.7231490786070935
flow2.1,106.39999999999823,3.12382,-0.136988,14.273890460271573,1.8728637436964846,1.8728637436964846
flow2.2,106.39999999999823,2.97486,0.0288609,14.245029541730132,2.0838523143852505,2.0838523143852505
flow2.3,106.39999999999823,2.75451,0.119233,14.12579681997122,2.0866268608013705,2.0866268608013705
flow2.4,106.39999999999823,2.55429,0.0958712,14.029925619859455,1.936253563428476,1.936253563428476
flow2.5,106.39999999999823,2.41696,0.0253454,14.004580240837454,1.8895969637189403,1.8895969637189403
flow2.6,106.39999999999823,2.33503,0.0309981,13.973582128824166,2.063717163527894,2.063717163527894
flow2.7,106.39999999999823,2.25041,0.1065,13.86708253708004,2.208351202744492,2.208351202744492
flow2.8,106.39999999999823,2.16052,0.109628,13.757454821253603,2.1663452845022313,2.1663452845022313
flow2.9,106.39999999999823,2.10473,0.0679517,13.689503171143285,2.0335931232195215,2.0335931232195215
flow2.0,106.49999999999822,-1,0,14.381680215080031,2.4477812097757123,2.4477812097757123
flow2.1,106.49999999999822,3.11682,-0.0699323,14.451612538653151,1.7772207838157783,1.7772207838157783
flow2.2,106.49999999999822,2.97544,0.00571687,14.445895669065377,2.008661273352459,2.008661273352459
flow2.3,106.49999999999822,2.76591,0.113995,14.33190080350833,2.0610398353711012,2.0610398353711012
flow2.4,106.49999999999822,2.56524,0.109564,14.22233653266617,1.924109128067144,1.924109128067144
flow2.5,106.49999999999822,2.42041,0.0344965,14.187840035403077,1.8325979456562358,1.8325979456562358
flow2.6,106.49999999999822,2.33674,0.0170756,14.170764461652027,1.9718233282786102,1.9718233282786102
flow2.7,106.49999999999822,2.25925,0.0884087,14.082355724321669,2.1527318724162825,2.1527318724162825
flow2.8,106.49999999999822,2.17151,0.1099,13.972455324845688,2.1500050359208522,2.1500050359208522
flow2.9,106.49999999999822,2.1127,0.0796621,13.89279321110201,2.032900399587252,2.032900399587252
flow2.0,106.59999999999822,-1,0,14.573457947536134,1.9177773245610297,1.9177773245610297
flow2.1,106.59999999999822,3.11039,-0.0643389,14.637796844613277,1.8618430596012558,1.8618430596012558
flow2.2,106.59999999999822,2.97459,-0.00849257,14.646289417684754,2.003937486193763,2.003937486193763
flow2.3,106.59999999999822,2.77629,0.103797,14.54249290272014,2.1059209921181044,2.1059209921181044
flow2.4,106.59999999999822,2.57731,0.120633,14.421859541842503,1.9952300917633359,1.9952300917633359
flow2.5,106.59999999999822,2.42514,0.0472757,14.37458383184051,1.8674379643743322,1.8674379643743322
flow2.6,106.59999999999822,2.33751,0.00771918,14.36686464805806,1.9610018640603322,1.9610018640603322
flow2.7,106.59999999999822,2.26607,0.0681751,14.298689566269058,2.163338419473888,2.163338419473888
flow2.8,106.59999999999822,2.1821,0.1059,14.192789820639172,2.2033449579348385,2.2033449579348385
flow2.9,106.59999999999822,2.1216,0.0890217,14.103768167567583,2.1097495646557363,2.1097495646557363
flow2.0,106.69999999999821,-1,0,14.75735812725592,1.8390017971978523,1.8390017971978523
flow2.1,106.69999999999821,3.10388,-0.0651087,14.822466821663054,1.846699770497775,1.846699770497775
flow2.2,106.69999999999821,2.97265,-0.019325,14.841791775548847,1.9550235786409331,1.9550235786409331
flow2.3,106.69999999999821,2.78531,0.0901966,14.751595155597146,2.0910225287700612,2.0910225287700612
flow2.4,106.69999999999821,2.5901,0.127974,14.623621465023374,2.017619231808716,2.017619231808716
flow2.5,106.69999999999821,2.43139,0.0625212,14.561100252956134,1.8651642111562339,1.8651642111562339
flow2.6,106.69999999999821,2.33787,0.00361519,14.557485067442121,1.9062041938406082,1.9062041938406082
flow2.7,106.69999999999821,2.27081,0.0474536,14.510031424323799,2.1134185805474104,2.1134185805474104
flow2.8,106.69999999999821,2.19186,0.0976448,14.412386632750428,2.195968121112557,2.195968121112557
flow2.9,106.69999999999821,2.13113,0.095328,14.317058648046148,2.1329048047856425,2.1329048047856425
flow2.0,106.7999999999982,-1,0,14.922336918720738,1.6497879146481864,1.6497879146481864
flow2.1,106.7999999999982,3.09567,-0.0820651,15.004402011660211,1.8193518999715685,1.8193518999715685
flow2.2,106.7999999999982,2.96993,-0.0272561,15.031658061997405,1.8986628644855763,1.8986628644855763
flow2.3,106.7999999999982,2.79275,0.0743836,14.957274449125203,2.056792935280569,2.056792935280569
flow2.4,106.7999999999982,2.60319,0.130887,14.826387247144003,2.02765782120629,2.02765782120629
flow2.5,106.7999999999982,2.43928,0.0788671,14.747520131046196,1.8641987809006189,1.8641987809006189
flow2.6,106.7999999999982,2.33837,0.00500615,14.742513983890628,1.8502891644850727,1.8502891644850727
flow2.7,106.7999999999982,2.2736,0.0279259,14.714588055166125,2.045566308423261,2.045566308423261
flow2.8,106.7999999999982,2.20042,0.0855344,14.629053677370637,2.1666704462020903,2.1666704462020903
flow2.9,106.7999999999982,2.14093,0.0980236,14.531030044696221,2.139713966500736,2.139713966500736
flow2.0,106.8999999999982,-1,0,15.10102565098763,1.7868873226689175,1.7868873226689175
flow2.1,106.8999999999982,3.08781,-0.0786066,15.179632257958808,1.7523024629859663,1.7523024629859663
flow2.2,106.8999999999982,2.9665,-0.0342855,15.213917735888145,1.8225967389074071,1.8225967389074071
flow2.3,106.8999999999982,2.7985,0.0575684,15.156349369063808,1.9907491993860482,1.9907491993860482
flow2.4,106.8999999999982,2.6161,0.129077,15.02727244096845,2.008851938244458,2.008851938244458
flow2.5,106.8999999999982,2.44876,0.0948612,14.932411220555727,1.8489108950953081,1.8489108950953081
flow2.6,106.8999999999982,2.33954,0.0116816,14.920729654605177,1.7821567071454858,1.7821567071454858
flow2.7,106.8999999999982,2.27472,0.0111643,14.909565312646222,1.9497725748009742,1.9497725748009742
flow2.8,106.8999999999982,2.20745,0.0703248,14.839240483261115,2.101868058904781,2.101868058904781
flow2.9,106.8999999999982,2.15061,0.0967583,14.742482232501738,2.1145218780551644,2.1145218780551644
flow2.0,106.9999999999982,-1,0,15.286116451647594,1.8509080065996386,1.8509080065996386
flow2.1,106.9999999999982,3.08126,-0.0655439,15.35166035707708,1.7202809911827188,1.7202809911827188
flow2.2,106.9999999999982,2.96267,-0.038343,15.390003380073328,1.7608564418518213,1.7608564418518213
flow2.3,106.9999999999982,2.80257,0.040712,15.349291412144781,1.9294204308097385,1.9294204308097385
flow2.4,106.9999999999982,2.62837,0.122651,15.226640754576325,1.9936831360787544,1.9936831360787544
flow2.5,106.9999999999982,2.45967,0.109092,15.117549002915467,1.8513778235974065,1.8513778235974065
flow2.6,106.9999999999982,2.34184,0.022994,15.09455497247865,1.7382531787347233,1.7382531787347233
flow2.7,106.9999999999982,2.27457,-0.00149521,15.09605018260742,1.8648486996119829,1.8648486996119829
flow2.8,106.9999999999982,2.21276,0.0530811,15.0429690742984,2.037285910372848,2.037285910372848
flow2.9,106.9999999999982,2.15975,0.0914369,14.951532144206375,2.090499117046374,2.090499117046374
flow2.0,107.09999999999819,-1,0,15.470085617049826,1.8396916540223174,1.8396916540223174
flow2.1,107.09999999999819,3.07598,-0.0527636,15.522849220428148,1.7118886335106787,1.7118886335106787
flow2.2,107.09999999999819,2.95882,-0.0384361,15.561285357024024,1.712819769506968,1.712819769506968
flow2.3,107.09999999999819,2.80507,0.0249187,15.536366678729447,1.8707526658466556,1.8707526658466556
flow2.4,107.09999999999819,2.63957,0.112065,15.424301588180983,1.9766083360465814,1.9766083360465814
flow2.5,107.09999999999819,2.4717,0.120318,15.303983787400272,1.8643478448480444,1.8643478448480444
flow2.6,107.09999999999819,2.34563,0.0379181,15.266065715177055,1.715107426984055,1.715107426984055
flow2.7,107.09999999999819,2.27366,-0.00906677,15.275132487697281,1.7908230508986023,1.7908230508986023
flow2.8,107.09999999999819,2.21627,0.0350945,15.240038008143298,1.970689338448981,1.970689338448981
flow2.9,107.09999999999819,2.16798,0.0822417,15.157796315345944,2.062641711395692,2.062641711395692
flow2.0,107.19999999999818,-1,0,15.66244817756209,1.923625605122652,1.923625605122652
flow2.1,107.19999999999818,3.07283,-0.0314697,15.69391785707751,1.7106863664936256,1.7106863664936256
flow2.2,107.19999999999818,2.95534,-0.034808,15.728725864716758,1.6744050769273322,1.6744050769273322
flow2.3,107.19999999999818,2.80619,0.0112819,15.717443953635836,1.8107727490638936,1.8107727490638936
flow2.4,107.19999999999818,2.64938,0.0981005,15.619343413381035,1.9504182520005209,1.9504182520005209
flow2.5,107.19999999999818,2.48446,0.127554,15.491789125224413,1.878053378241411,1.878053378241411
flow2.6,107.19999999999818,2.35115,0.0551422,15.436646958111558,1.7058124293450305,1.7058124293450305
flow2.7,107.19999999999818,2.27257,-0.0109809,15.44762781239329,1.7249532469600837,1.7249532469600837
flow2.8,107.19999999999818,2.21804,0.0177716,15.429856208321118,1.8981820017781992,1.8981820017781992
flow2.9,107.19999999999818,2.17494,0.0696505,15.360205688589161,2.0240937324321706,2.0240937324321706
flow2.0,107.29999999999818,-1,0,15.876263244234487,2.138150666723959,2.138150666723959
flow2.1,107.29999999999818,3.0737,0.00861496,15.867648279566302,1.7373042248879145,1.7373042248879145
flow2.2,107.29999999999818,2.95266,-0.0268517,15.89449992981161,1.6577406509485293,1.6577406509485293
flow2.3,107.29999999999818,2.80627,0.000716226,15.893783704210943,1.7633975057510654,1.7633975057510654
flow2.4,107.29999999999818,2.65756,0.0818025,15.811981212248716,1.9263779886768084,1.9263779886768084
flow2.5,107.29999999999818,2.49747,0.130155,15.681826104313483,1.9003697908907036,1.9003697908907036
flow2.6,107.29999999999818,2.35847,0.073179,15.60864705723098,1.720000991194226,1.720000991194226
flow2.7,107.29999999999818,2.27185,-0.0071356,15.615782652920926,1.681548405276363,1.681548405276363
flow2.8,107.29999999999818,2.2183,0.00250908,15.613273574821221,1.8341736650010354,1.8341736650010354
flow2.9,107.29999999999818,2.18038,0.0544188,15.558854747251575,1.9864905866241322,1.9864905866241322
flow2.0,107.39999999999817,-1,0,16.089469910377865,2.1320666614337824,2.1320666614337824
flow2.1,107.39999999999817,3.07766,0.0396054,16.049864520363144,1.822162407968424,1.822162407968424
flow2.2,107.39999999999817,2.95138,-0.0127641,16.0626285893387,1.681286595270901,1.681286595270901
flow2.3,107.39999999999817,2.80567,-0.00599015,16.068618741879675,1.7483503766873199,1.7483503766873199
flow2.4,107.39999999999817,2.664,0.0643901,16.004228655945543,1.922474436968269,1.922474436968269
flow2.5,107.39999999999817,2.51026,0.127865,15.876363906673285,1.9453780235980211,1.9453780235980211
flow2.6,107.39999999999817,2.36752,0.0904954,15.785868461760854,1.772214045298739,1.772214045298739
flow2.7,107.39999999999817,2.27206,0.00209456,15.78377389902057,1.6799124609964444,1.6799124609964444
flow2.8,107.39999999999817,2.21735,-0.00941999,15.793193893302602,1.799203184813809,1.799203184813809
flow2.9,107.39999999999817,2.18414,0.0375468,15.755647117478697,1.9679237022712215,1.9679237022712215
flow2.0,107.49999999999817,-1,0,16.280529266292923,1.910593559150584,1.910593559150584
flow2.1,107.49999999999817,3.08159,0.0393467,16.241182536013596,1.9131801565045237,1.9131801565045237
flow2.2,107.49999999999817,2.95197,0.00592214,16.23526039655884,1.726318072201387,1.726318072201387
flow2.3,107.49999999999817,2.80486,-0.00802868,16.243289078456122,1.7467033657644748,1.7467033657644748
flow2.4,107.49999999999817,2.66872,0.0471759,16.196113130488516,1.9188447454297375,1.9188447454297375
flow2.5,107.49999999999817,2.52234,0.120834,16.075279508408155,1.9891560173486944,1.9891560173486944
flow2.6,107.49999999999817,2.37808,0.105626,15.969653237447472,1.8378477568661822,1.8378477568661822
flow2.7,107.49999999999817,2.27365,0.0158994,15.953753812828076,1.6997991380750577,1.6997991380750577
flow2.8,107.49999999999817,2.21566,-0.0169772,15.97073102301667,1.7753712971406799,1.7753712971406799
flow2.9,107.49999999999817,2.18616,0.0202088,15.950522228053408,1.9487511057471174,1.9487511057471174
flow2.0,107.59999999999816,-1,0,16.513240582000925,2.3271131570800208,2.3271131570800208
flow2.1,107.59999999999816,3.08927,0.0768022,16.43643840754916,1.95255871535565,1.95255871535565
flow2.2,107.59999999999816,2.95444,0.0246357,16.411802746480582,1.7654234992174267,1.7654234992174267
flow2.3,107.59999999999816,2.80437,-0.0049734,16.41677614829556,1.7348706983943885,1.7348706983943885
flow2.4,107.59999999999816,2.67187,0.0315005,16.385275645915055,1.891625154265384,1.891625154265384
flow2.5,107.59999999999816,2.5333,0.109603,16.275673051829,2.0039354342084437,2.0039354342084437
flow2.6,107.59999999999816,2.38981,0.117308,16.158364687825706,1.887114503782339,1.887114503782339
flow2.7,107.59999999999816,2.27696,0.0331006,16.125264044227787,1.7151023139971144,1.7151023139971144
flow2.8,107.59999999999816,2.21371,-0.0194605,16.14472458365138,1.7399356063471139,1.7399356063471139
flow2.9,107.59999999999816,2.18653,0.00367402,16.14105056858692,1.905283405335112,1.905283405335112
flow2.0,107.69999999999816,-1,0,16.68239951868285,1.6915893668192439,1.6915893668192439
flow2.1,107.69999999999816,3.09343,0.0415812,16.640818300495464,2.04379892946303,2.04379892946303
flow2.2,107.69999999999816,2.95873,0.0429641,16.59785421730469,1.8605147082410767,1.8605147082410767
flow2.3,107.69999999999816,2.80465,0.0028398,16.595014412656717,1.7823826436115553,1.7823826436115553
flow2.4,107.69999999999816,2.67373,0.0186227,16.57639175695183,1.9111611103677362,1.9111611103677362
flow2.5,107.69999999999816,2.54281,0.09506,16.48133176650132,2.05658714672321,2.05658714672321
flow2.6,107.69999999999816,2.40227,0.124577,16.35675516137078,1.98390473545075,1.98390473545075
flow2.7,107.69999999999816,2.28219,0.0522546,16.304500611229795,1.7923656700200752,1.7923656700200752
flow2.8,107.69999999999816,2.21205,-0.0165677,16.321068344357137,1.7634376070575541,1.7634376070575541
flow2.9,107.69999999999816,2.18545,-0.0107938,16.331862179595674,1.9081161100875477,1.9081161100875477
flow2.0,107.79999999999815,-1,0,16.901224734738697,2.188252160558477,2.188252160558477
flow2.1,107.79999999999815,3.09919,0.0575674,16.843657324466513,2.0283902397104825,2.0283902397104825
flow2.2,107.79999999999815,2.96435,0.0561629,16.787494396060925,1.896401787562354,1.896401787562354
flow2.3,107.79999999999815,2.80613,0.0147827,16.77271167401424,1.776972613575225,1.776972613575225
flow2.4,107.79999999999815,2.67469,0.00958583,16.763125840876953,1.8673408392512414,1.8673408392512414
flow2.5,107.79999999999815,2.55065,0.0783742,16.68475162695009,2.0341986044876847,2.0341986044876847
flow2.6,107.79999999999815,2.41495,0.126841,16.55791044491547,2.0115528354468992,2.0115528354468992
flow2.7,107.79999999999815,2.28937,0.0717675,16.48614289532064,1.8164228409084515,1.8164228409084515
flow2.8,107.79999999999815,2.21121,-0.00842743,16.494570320619204,1.7350197626206665,1.7350197626206665
flow2.9,107.79999999999815,2.18324,-0.0220367,16.51660699582603,1.8474481623035643,1.8474481623035643
flow2.0,107.89999999999814,-1,0,17.077698799560075,1.764740648213774,1.764740648213774
flow2.1,107.89999999999814,3.10152,0.0233423,17.054356511109052,2.106991866425396,2.106991866425396
flow2.2,107.89999999999814,2.97122,0.0687488,16.985607671122864,1.9811327506193877,1.9811327506193877
flow2.3,107.89999999999814,2.80908,0.0294854,16.95612230234482,1.8341062833058075,1.8341062833058075
flow2.4,107.89999999999814,2.6752,0.00512839,16.95099391707085,1.8786807619389734,1.8786807619389734
flow2.5,107.89999999999814,2.55674,0.0609002,16.890093732130214,2.0534210518012586,2.0534210518012586
flow2.6,107.89999999999814,2.42734,0.123928,16.76616553967155,2.0825509475607973,2.0825509475607973
flow2.7,107.89999999999814,2.29837,0.0900391,16.67612646478957,1.899835694689287,1.899835694689287
flow2.8,107.89999999999814,2.21165,0.00440031,16.671726151468906,1.7715583084970277,1.7715583084970277
flow2.9,107.89999999999814,2.18033,-0.0290945,16.700820616713543,1.842136208875118,1.842136208875118
flow2.0,107.99999999999814,-1,0,17.29259711717581,2.148983176157344,2.148983176157344
flow2.1,107.99999999999814,3.10452,0.0299974,17.262599748617262,2.0824323750820994,2.0824323750820994
flow2.2,107.99999999999814,2.9787,0.0748021,17.18779767168858,2.0219000056571446,2.0219000056571446
flow2.3,107.99999999999814,2.81367,0.0459701,17.14182756773351,1.8570526538869103,1.8570526538869103
flow2.4,107.99999999999814,2.67576,0.00557758,17.13624998612982,1.8525606905896908,1.8525606905896908
flow2.5,107.99999999999814,2.56114,0.0440629,17.09218710638931,2.0209337425909624,2.0209337425909624
flow2.6,107.99999999999814,2.43895,0.116105,16.976081908913667,2.0991636924211576,2.0991636924211576
flow2.7,107.99999999999814,2.30893,0.105576,16.8705056891031,1.9437922431353272,1.9437922431353272
flow2.8,107.99999999999814,2.21375,0.0209692,16.849536533891342,1.7781038242243596,1.7781038242243596
flow2.9,107.99999999999814,2.17721,-0.0312889,16.880825432393404,1.800048156798617,1.800048156798617
flow2.0,108.09999999999813,-1,0,17.53927316797175,2.466760507959407,2.466760507959407
flow2.1,108.09999999999813,3.11088,0.063579,17.475694141627248,2.1309439300998534,2.1309439300998534
flow2.2,108.09999999999813,2.98656,0.0785782,17.397115986434695,2.0931831474611684,2.0931831474611684
flow2.3,108.09999999999813,2.81993,0.062558,17.334558021861774,1.9273045412826306,1.9273045412826306
flow2.4,108.09999999999813,2.67685,0.0108884,17.3236695729716,1.8741958684178073,1.8741958684178073
flow2.5,108.09999999999813,2.56407,0.0292411,17.294428433971383,2.0224132758207247,2.0224132758207247
flow2.6,108.09999999999813,2.44936,0.104044,17.190384426359937,2.143025174462707,2.143025174462707
flow2.7,108.09999999999813,2.32064,0.11713,17.07325455664957,2.0274886754646815,2.0274886754646815
flow2.8,108.09999999999813,2.21775,0.0400154,17.033239107734538,1.8370257384319544,1.8370257384319544
flow2.9,108.09999999999813,2.17438,-0.028295,17.06153410023207,1.8070866783866535,1.8070866783866535
flow2.0,108.19999999999813,-1,0,17.757102047104617,2.1782887913286686,2.1782887913286686
flow2.1,108.19999999999813,3.11709,0.0621626,17.69493946913557,2.192453275083217,2.192453275083217
flow2.2,108.19999999999813,2.99473,0.0817249,17.61321458205646,2.160985956217658,2.160985956217658
flow2.3,108.19999999999813,2.82757,0.0763812,17.536833400301994,2.022753784402198,2.022753784402198
flow2.4,108.19999999999813,2.67871,0.0186546,17.51817882907882,1.945092561072208,1.945092561072208
flow2.5,108.19999999999813,2.56583,0.0176501,17.500528681113867,2.0610024714248354,2.0610024714248354
flow2.6,108.19999999999813,2.45835,0.0898922,17.41063652423183,2.2025209787189226,2.2025209787189226
flow2.7,108.19999999999813,2.33332,0.126758,17.28387861293829,2.1062405628872227,2.1062405628872227
flow2.8,108.19999999999813,2.22335,0.0559759,17.227902670507447,1.9466356277290942,1.9466356277290942
flow2.9,108.19999999999813,2.17236,-0.0201775,17.24808015203364,1.8654605180157091,1.8654605180157091
flow2.0,108.29999999999812,-1,0,17.94852109763864,1.9141905053402297,1.9141905053402297
flow2.1,108.29999999999812,3.12002,0.0292105,17.919310575392505,2.2437110625693535,2.2437110625693535
flow2.2,108.29999999999812,3.00317,0.0843472,17.834963411741267,2.2174882968480603,2.2174882968480603
flow2.3,108.29999999999812,2.83636,0.0879005,17.74706288233551,2.1022948203351532,2.1022948203351532
flow2.4,108.29999999999812,2.68162,0.0290463,17.718016616723784,1.9983778764496307,1.9983778764496307
flow2.5,108.29999999999812,2.56683,0.0100044,17.708012234858938,2.07483553745071,2.07483553745071
flow2.6,108.29999999999812,2.4657,0.0735612,17.63445107858407,2.238145543522414,2.238145543522414
flow2.7,108.29999999999812,2.34665,0.133386,17.501065326512226,2.1718671357393404,2.1718671357393404
flow2.8,108.29999999999812,2.23032,0.069733,17.431332369489432,2.0342969898198504,2.0342969898198504
flow2.9,108.29999999999812,2.17157,-0.00789621,17.439228577662107,1.911484256284659,1.911484256284659